headline,description,link,date
A Looming East Coast Port Strike Could Shake the Economy,"Businesses are preparing for a strike by dockworkers on the East and Gulf Coasts, which could begin Oct. 1 if negotiations don’t yield a new contract.",https://www.nytimes.com/2024/09/24/business/economy/port-strike-economy.html?searchResultPosition=1,Sept. 24
A drone attack causes damage in the Israeli port city of Eilat.,,https://www.nytimes.com/live/2024/09/25/world/israel-gaza-hamas-hezbollah/a-drone-attack-from-an-iran-backed-group-in-iraq-hits-eilat-in-israel?searchResultPosition=2,Sept. 25
Auto Industry Expects Minimal Disruption From Port Shutdown,"Baltimore is a top destination for car shipments, but companies are finding ways to use other ports on the East Coast.",https://www.nytimes.com/2024/03/28/us/auto-industry-port-baltimore-bridge.html?searchResultPosition=3,March 28
A Remote Alaskan Island Is on High Alert for a Rat,"Wildlife experts fear that a rat could disrupt the island’s delicate balance, so they are pulling out all the stops.",https://www.nytimes.com/2024/09/25/us/rat-alaska-saint-paul-island.html?searchResultPosition=4,Sept. 25
Biden Will Visit Baltimore Next Week After Bridge Collapse,The president’s visit comes as officials start planning for major economic disruptions after a ship struck the Francis Scott Key Bridge.,https://www.nytimes.com/2024/03/29/us/politics/biden-baltimore-bridge-collapse.html?searchResultPosition=5,March 29
‘A Lot of Chaos’: Bridge Collapse Creates Upheaval at Largest U.S. Port for Car Trade,"A bridge collapse closed Baltimore’s port, an important trade hub that ranks first in the nation by the volume of automobiles and light trucks it handles.",https://www.nytimes.com/2024/03/26/business/economy/baltimore-port-cargo-ships.html?searchResultPosition=6,March 26
Biden Hardens Protection Against Cybersecurity Threats to Ports,An executive order expands powers to the Department of Homeland Security amid increased fears of a conflict with China.,https://www.nytimes.com/2024/02/21/us/politics/cybersecurity-ports.html?searchResultPosition=7,Feb. 21
Port Authority Bus Terminal Evacuated After Suspicious Bag Is Reported,"Delays lingered at the bus terminal in Midtown Manhattan after the bag was cleared and no threat was found, the Port Authority said.",https://www.nytimes.com/2023/11/15/nyregion/port-authority-manhattan-evacuation.html?searchResultPosition=8,"Nov. 15, 2023"
What a Prolonged Rail Shutdown in Canada Would Mean for Trade,"Rail labor disruptions in Canada tend to be brief, but a prolonged stoppage could have hurt farmers, automakers and other businesses.",https://www.nytimes.com/2024/08/22/business/economy/canada-rail-strike-us-economy.html?searchResultPosition=9,Aug. 22
Global Trade Needs a China Alternative. India Needs Better Ports.,Efforts to build new ports and expand existing docks could determine whether India emerges as a legitimate option for global factory production.,https://www.nytimes.com/2024/08/20/business/india-jawaharlal-nehru-port.html?searchResultPosition=10,Aug. 20
A Look at the $10 Billion Design for a New Port Authority Bus Terminal,"The Port Authority unveiled a revised design for a replacement of the much-reviled transit hub, which opened in 1950.",https://www.nytimes.com/2024/02/01/nyregion/port-authority-bus-terminal-replacement.html?searchResultPosition=11,Feb. 1
Cargo Ship That Crashed Into Baltimore Bridge Moves Back to Port,"The Dali, which had been pinned under wreckage of the Francis Scott Key Bridge since late March, was refloated early Monday and returned to a berth in Baltimore.",https://www.nytimes.com/2024/05/20/us/dali-moving-key-bridge-baltimore.html?searchResultPosition=12,May 20
New Freighters Could Ease Red Sea Cargo Disruptions,Analysts and shipping executives say they expect costs to fall later this year as companies receive vessels they ordered two to three years ago.,https://www.nytimes.com/2024/02/22/business/economy/global-shipping-red-sea-houthi-attacks.html?searchResultPosition=13,Feb. 22
Will Automation Replace Jobs? Port Workers May Strike Over It.,"A contract covering longshore workers on the East and Gulf Coasts will expire at the end of September, but talks have been stalled over the use of equipment that can function without human operators.",https://www.nytimes.com/2024/09/02/business/economy/port-workers-robots-automation-strike.html?searchResultPosition=14,Sept. 2
U.S. Finance Agency Lends to Sri Lankan Port to Counter Chinese Influence,"The U.S. International Development Finance Corporation is joining forces with the Adani Group, strengthening ties to India and an embattled conglomerate.",https://www.nytimes.com/2023/11/08/business/sri-lanka-port-dfc-adani.html?searchResultPosition=15,"Nov. 8, 2023"
"Bus drivers, port workers, a dance company: Here’s who is striking in Israel.",,https://www.nytimes.com/live/2024/09/01/world/hostages-strike-israel-gaza-war/bus-drivers-port-workers-a-dance-company-heres-who-is-striking-in-israel?searchResultPosition=16,Sept. 2
New U.S. sanctions aim to disrupt the flow of Iranian funds to Yemen’s Houthi militia.,,https://www.nytimes.com/live/2023/12/28/world/israel-hamas-war-gaza-news/new-us-sanctions-aim-to-disrupt-the-flow-of-iranian-funds-to-yemens-houthi-militia?searchResultPosition=17,"Dec. 28, 2023"
Automakers Are Rerouting Car Shipments Away From Baltimore,The city’s port ranks first in the country for the volume of automobiles and light trucks it handles.,https://www.nytimes.com/2024/03/26/us/baltimore-bridge-collapse-automakers.html?searchResultPosition=18,March 26
How a Tuesday Rush Hour Became a Doom Loop for New Jersey Commuters,"On Tuesday morning, trains and buses from New Jersey were stymied by a power outage and traffic accidents.",https://www.nytimes.com/2024/09/10/nyregion/njtransit-amtrak-lincoln-tunnel.html?searchResultPosition=19,Sept. 10
"Drought Saps the Panama Canal, Disrupting Global Trade","The number of ships that can travel through the vital route has fallen sharply this year because of a lack of water for the locks, raising costs and slowing deliveries.",https://www.nytimes.com/2023/11/01/business/economy/panama-canal-drought-shipping.html?searchResultPosition=20,"Nov. 1, 2023"
"Drought Saps the Panama Canal, Disrupting Global Trade","The number of ships that can travel through the vital route has fallen sharply this year because of a lack of water for the locks, raising costs and slowing deliveries.",https://www.nytimes.com/2023/11/01/business/economy/panama-canal-drought-shipping.html?searchResultPosition=21,"Nov. 1, 2023"
Should We Be Seeing Red Over the Red Sea?,"It’s a major choke point, but some perspective is in order.",https://www.nytimes.com/2024/01/16/opinion/red-sea-houthis-shipping-inflation.html?searchResultPosition=22,Jan. 16
What went right and wrong during the 2nd Starship test flight.,,https://www.nytimes.com/live/2024/03/14/science/starship-spacex-launch/what-went-right-and-wrong-during-the-2nd-starship-test-flight?searchResultPosition=23,March 14
"Trains, Trucks and Tractors: The Race to Reroute Goods From Baltimore","Since the collapse of the Key Bridge, other East Coast ports have absorbed the cargo previously handled in Baltimore, but some parts of the supply chain like trucking are struggling.",https://www.nytimes.com/2024/04/17/business/ports-truckers-baltimore-bridge.html?searchResultPosition=24,April 17
Baltimore Says Owner of Ship That Hit Key Bridge Was Negligent,The owner and manager of the cargo ship that downed the Francis Scott Key Bridge asked a judge to exonerate them from liability. The city argued otherwise.,https://www.nytimes.com/2024/04/23/us/baltimore-key-bridge-collapse-ship.html?searchResultPosition=25,April 23
"To Save the Panama Canal From Drought, a Disruptive Fix","In the wake of a drought that hampered shipping, the Panama Canal’s overseers are eager to expand water storage. Climate change leaves them no choice.",https://www.nytimes.com/2024/08/14/business/panama-canal-drought.html?searchResultPosition=26,Aug. 14
Another Wayward Container Ship Shows World Trade’s Fragility,"The destruction of a Baltimore bridge is hampering a busy port, adding to the strains confronting the global supply chain.",https://www.nytimes.com/2024/03/27/business/economy/container-ship-global-trade.html?searchResultPosition=27,March 27
California Pushes Electric Trucks as the Future of Freight,A mainstay of cargo transport will be phased out at ports as California bans new registrations of carbon-fuel trucks in favor of nonpolluting ones.,https://www.nytimes.com/2023/12/28/business/energy-environment/electric-trucks-port-california.html?searchResultPosition=28,"Dec. 28, 2023"
Here is the latest on the bridge collapse.,,https://www.nytimes.com/live/2024/03/28/us/baltimore-key-bridge-collapse/here-is-the-latest?searchResultPosition=29,March 28
Biden Tells Baltimore: ‘Your Nation Has Your Back’,President Biden took an aerial tour of the site of the collapsed Francis Scott Key Bridge and met with the families of the six victims. The authorities later announced the recovery of a third body.,https://www.nytimes.com/2024/04/05/us/politics/biden-baltimore-bridge.html?searchResultPosition=30,April 5
Ukraine Strikes More Russian Oil Facilities in a Bid to Disrupt Military Logistics,"Analysts say Ukraine is trying to disrupt the Russian military’s logistical routes and combat operations by targeting the facilities that supply fuel for its tanks, ships and fighter jets.",https://www.nytimes.com/2024/05/09/world/europe/ukraine-strikes-russia-oil-refineries.html?searchResultPosition=31,May 9
Who Will Pay for the Baltimore Bridge Collapse?,Disputes over liability and the cost of claims could take years for insurers to resolve and result in billions of dollars in payouts.,https://www.nytimes.com/2024/04/05/business/baltimore-bridge-cost-insurance.html?searchResultPosition=32,April 5
‘It’s All Happening Again.’ The Supply Chain Is Under Strain.,"As Houthi rebels intensify strikes on vessels headed for the Suez Canal, global shipping prices are soaring, raising fears of product shortages and delays.",https://www.nytimes.com/2024/06/24/business/global-shipping-rates.html?searchResultPosition=33,June 24
"To the Sound of Gunshots, Haiti Installs a New Ruling Council","With that body in place, Prime Minister Ariel Henry resigned and the new leaders turned to the task of establishing order in a gang-ridden country.",https://www.nytimes.com/2024/04/25/world/americas/haiti-council-gangs-henry.html?searchResultPosition=34,April 25
"Blocked by Polish Truckers, Ukraine Turns to the Black Sea to Boost Trade",The blockade at the border with Poland has crippled Ukraine’s land trade. But a new Black Sea route is providing an economic lifeline.,https://www.nytimes.com/2023/12/20/world/europe/blocked-by-polish-truckers-ukraine-turns-to-the-black-sea-to-boost-trade.html?searchResultPosition=35,"Dec. 20, 2023"
Baltimore Bridge Collapse Upends Traffic in Busy Industrial Area,"The collapse severs the southern stretch of Interstate 695, a critical portion of the Baltimore Beltway that runs through the areas around the port.",https://www.nytimes.com/2024/03/26/us/i-695-baltimore-bridge-collapse-traffic.html?searchResultPosition=36,March 26
"Israeli jets hit an UNRWA compound near Gaza City, and other news.",,https://www.nytimes.com/live/2024/06/23/world/israel-gaza-war-hamas/a-drone-attack-damages-a-ship-in-the-red-sea-and-other-news?searchResultPosition=37,June 23
Chinese Traders and Moroccan Ports: How Russia Flouts Global Tech Bans,"Using specialized e-commerce sites, secretive shipping workarounds and a constellation of middlemen, Russia has obtained the tech components it needs to keep its economy and war in Ukraine going.",https://www.nytimes.com/2023/12/19/technology/russia-flouts-global-tech-bans.html?searchResultPosition=38,"Dec. 19, 2023"
"U.S. Bridges Face ‘Increased Risks’ From Large Ships, Coast Guard Says",A Coast Guard leader told Congress that bridges around the country needed to be assessed to avoid repeating the crash that knocked down the Key Bridge in Baltimore.,https://www.nytimes.com/2024/05/15/us/baltimore-key-bridge-collapse-congress-hearing.html?searchResultPosition=39,May 15
Stuck Ships and Supply-Chain Inflation,"Baltimore alone isn’t that big a deal, but is it an omen?",https://www.nytimes.com/2024/04/02/opinion/baltimore-bridge-inflation-supply-chain.html?searchResultPosition=40,April 2
Buttigieg Calls on Congress for More Money to Collapsed Baltimore Bridge,"Mr. Buttigieg, the transportation secretary, was joined by the Baltimore mayor and Maryland governor in describing the collapse as a matter of national importance.",https://www.nytimes.com/2024/03/31/us/politics/buttigieg-congress-baltimore-bridge.html?searchResultPosition=41,March 31
Red Sea Attacks Leave Shipping Companies With Difficult Choices,Attacks on two dozen ships since November are forcing shipping lines to figure out whether and when to skip the Suez Canal and send vessels on longer voyages around Africa.,https://www.nytimes.com/2024/01/06/business/red-sea-shipping-houthi.html?searchResultPosition=42,Jan. 6
BP Pauses Oil Shipments Through Red Sea Amid Fears of Attacks,"Global energy prices jumped as tensions escalated around the vital shipping route, where drone and missile assaults have prompted some companies to halt sending cargos.",https://www.nytimes.com/2023/12/18/world/middleeast/bp-red-sea-oil-shipping.html?searchResultPosition=43,"Dec. 18, 2023"
"Powerful Earthquake Hits Japan, and Officials Warn of Aftershocks","There were reports of collapsed buildings and people being trapped underneath them. The quake disrupted electricity and phone service, and initially raised fears of a tsunami.",https://www.nytimes.com/2024/01/01/world/asia/japan-earthquake.html?searchResultPosition=44,Jan. 1
Off-Duty Pilot Accused of Trying to Cut the Engines on an Alaska Airlines Flight,"The flight was diverted to Portland, Ore., because of a “credible security threat” inside the cockpit, the airline said. An off-duty pilot was charged with attempted murder.",https://www.nytimes.com/2023/10/23/us/alaska-airlines-flight-diverted.html?searchResultPosition=45,"Oct. 23, 2023"
The Indian Navy releases images of its rescue mission after a lethal Houthi attack on a vessel off Yemen.,,https://www.nytimes.com/live/2024/03/08/world/israel-hamas-war-gaza-news/the-indian-navy-releases-images-of-its-rescue-mission-after-a-lethal-houthi-attack-on-a-vessel-off-yemen?searchResultPosition=46,March 7
Here is the latest on the collapse.,,https://www.nytimes.com/live/2024/03/27/us/baltimore-key-bridge-collapse/here-is-the-latest-on-the-collapse?searchResultPosition=47,March 27
"Virus Disrupts China’s Shipping, and World Ports Feel the Impact","Even where factories are back in operation, getting freight to docks has been impeded by roadblocks and quarantines.",https://www.nytimes.com/2020/02/27/business/economy/china-coronavirus-shipping-ports.html?searchResultPosition=48,"Feb. 27, 2020"
Northeast Corridor Train Service Resumes Following Overnight Meltdown,"Fallen electrical wires in New Jersey brought Amtrak and New Jersey Transit service to a halt on the Northeast Corridor Wednesday night, and transit agencies warned of delays into Thursday.",https://www.nytimes.com/2024/05/22/nyregion/amtrak-nj-transit-trains-suspended.html?searchResultPosition=49,May 22
The Supreme Court overhaul led to months of street protests in Israel.,,https://www.nytimes.com/live/2024/01/01/world/israel-supreme-court-gaza-news/the-supreme-court-overhaul-led-to-months-of-street-protests-in-israel?searchResultPosition=50,Jan. 1
The collapse is unlikely to affect Baltimore’s vital seafood industry.,,https://www.nytimes.com/live/2024/04/05/us/biden-baltimore-bridge/the-collapse-is-unlikely-to-affect-baltimores-vital-seafood-industry?searchResultPosition=51,March 28
Crunch at Ports May Mean Crisis for American Farms,"Backlogs and cancellations are hitting growers as costs rise, profits slump and overseas customers shop elsewhere.",https://www.nytimes.com/2021/11/14/business/economy/farm-exports-supply-chain-ports.html?searchResultPosition=52,"Nov. 14, 2021"
U.S. Treasury sanctions seek to financially cripple the Yemeni rebels attacking Red Sea shipping.,,https://www.nytimes.com/live/2024/07/18/world/israel-gaza-war-hamas/us-treasury-sanctions-seek-to-financially-cripple-the-yemeni-rebels-attacking-red-sea-shipping?searchResultPosition=53,July 18
Chinese port difficulties amid a Covid outbreak further snarl global trade.,"The Shenzhen port’s capacity to handle containers plummeted early this month, and state-controlled media said on Monday that full recovery might require the rest of June.",https://www.nytimes.com/2021/06/21/business/shenzhen-port-delays.html?searchResultPosition=54,"June 21, 2021"
Deadly Storm Ciarán Lashes U.K. and Western Europe With Strong Rain and Wind,"With winds expected to exceed 85 miles per hour in some areas, Britain’s weather agency issued its second-highest level of alert for parts of southern England.",https://www.nytimes.com/2023/11/02/world/europe/storm-ciaran.html?searchResultPosition=55,"Nov. 2, 2023"
"Biden and Harris call Israeli leader as talks remain stalled, and other news.",,https://www.nytimes.com/live/2024/08/21/world/israel-iran-hamas-gaza-war/protesters-tell-netanyahu-to-make-a-hostage-deal-and-other-news?searchResultPosition=56,Aug. 21
U.S. Navy airlifts crew of merchant ship hit by the Houthis.,,https://www.nytimes.com/live/2024/06/16/world/israel-gaza-war-hamas/us-navy-airlifts-crew-of-merchant-ship-hit-by-the-houthis?searchResultPosition=57,June 16
West Coast Dockworkers Reach Contract Deal With Port Operators,"After a year of prolonged negotiations that have led to delays and declines in cargo, the two sides agreed to a new contract with help from the Biden administration.",https://www.nytimes.com/2023/06/14/business/economy/west-coast-dock-workers-contract.html?searchResultPosition=58,"June 14, 2023"
"Tropical Depression Jongdari Nears South Korea, Bringing Threat of Flooding",The storm has caused flight cancellations in the country’s south. It is forecast to skirt the west coast before making landfall on Wednesday near Seoul.,https://www.nytimes.com/2024/08/20/world/asia/south-korea-typhoon-jongdari.html?searchResultPosition=59,Aug. 20
Ukraine’s Black Sea ports resume operations after Russian strikes on Odesa.,"Grain traffic from the three ports was restored by Tuesday, after weekend drone strikes disrupted power throughout the Odesa region.",https://www.nytimes.com/live/2022/12/14/world/russia-ukraine-news/ukraine-russia-odesa-ports?searchResultPosition=60,"Dec. 13, 2022"
Tensions Spilling Over From Gaza to Red Sea Escalate,"Britain said that one of its warships had shot down a suspected attack drone, and several shipping companies have temporarily stopped sending vessels through the Red Sea.",https://www.nytimes.com/2023/12/16/world/middleeast/israel-gaza-war-red-sea-houthis-shipping.html?searchResultPosition=61,"Dec. 16, 2023"
"Atmospheric River Drenches California, With More Storms on the Way","The state’s latest powerful storm has downed trees and flooded some roads, but has not yet caused the scale of disruption seen last winter.",https://www.nytimes.com/2024/02/01/us/california-storm-atmospheric-river.html?searchResultPosition=62,Feb. 1
The Floating Traffic Jam That Freaked Us All Out,The coronavirus pandemic schooled the world in the essential role of global supply chains. Have we learned anything from it?,https://www.nytimes.com/2024/06/02/business/economy/covid-pandemic-global-supply-chains.html?searchResultPosition=63,June 2
Supply chain disruptions continued to fuel price increases in October.,Prices surged for everything from car parts to clothing as ongoing supply chain snarls continued to exacerbate inflation.,https://www.nytimes.com/live/2021/11/10/business/news-business-stock-market/supply-chain-price-increases-october?searchResultPosition=64,"Nov. 10, 2021"
The prospect of lockdowns in Beijing fuels more concerns about supply chain disruptions.,"China’s capital city is not as central to global production networks as Shanghai, but the costs for global companies will still mount if lockdowns spread.",https://www.nytimes.com/2022/04/25/business/china-supply-chain-covid.html?searchResultPosition=65,"April 25, 2022"
"U.S. Conducted Cyberattack Against Iranian Military Ship, an Official Says",The move was part of the Biden administration’s retaliation to a drone attack at an outpost in Jordan that killed 3 Americans.,https://www.nytimes.com/2024/02/15/world/middleeast/us-cyberattack-iran-ship.html?searchResultPosition=66,Feb. 15
"Russian Missile Strikes Kill at Least 20 in Odesa, Ukraine Says","Two missiles hit the same spot, Ukrainian authorities said, killing some rescuers who had responded to the first attack.",https://www.nytimes.com/2024/03/15/world/europe/ukraine-russia-odesa-missile-strikes.html?searchResultPosition=67,March 15
Francine Arrives in a Region With Painful Memories of Past Storms,"Francine could cut a somewhat similar path as Hurricane Ida, which left a trail of devastating consequences in 2021.",https://www.nytimes.com/2024/09/11/weather/francine-hurricane-ida.html?searchResultPosition=68,Sept. 11
The Great Supply Chain Disruption,The supply chain crisis triggered by the pandemic was supposed to be over by now. It’s not.,https://www.nytimes.com/2021/10/15/podcasts/the-daily/supply-chain.html?searchResultPosition=69,"Oct. 15, 2021"
"Struggling on Front Lines, Ukraine Strikes Harder at Russian Energy","A huge drone attack targeted southwestern Russia and the Russian-occupied peninsula of Crimea, hitting oil facilities and a substation, leading to rolling blackouts.",https://www.nytimes.com/2024/05/17/world/europe/sevastopol-ukraine-crimea-russia.html?searchResultPosition=70,May 17
The Great Supply Chain Disruption,The supply chain crisis triggered by the pandemic was supposed to be over by now. It’s not.,https://www.nytimes.com/2021/10/15/podcasts/the-daily/supply-chain.html?searchResultPosition=71,"Oct. 15, 2021"
"American Airlines, Other Major Airlines Suspend Flights to Israel",Government agencies across the globe have also urged airlines to exercise caution when flying in Israeli airspace.,https://www.nytimes.com/2023/10/10/world/middleeast/airlines-flights-israel.html?searchResultPosition=72,"Oct. 10, 2023"
A Solar Storm Lights Up the Night Sky,The unusual sight of aurora borealis was visible around the world.,https://www.nytimes.com/2024/05/10/world/europe/aurora-northern-lights-solar-storm-photos.html?searchResultPosition=73,May 10
China’s Covid lockdowns are set to further disrupt global supply chains.,,https://www.nytimes.com/live/2022/03/15/world/covid-19-mandates-cases-vaccine/chinas-covid-lockdowns-are-set-to-further-disrupt-global-supply-chains?searchResultPosition=74,"March 15, 2022"
A fire burning out of control at a Turkish port threatens to hamper relief efforts.,,https://www.nytimes.com/live/2023/02/07/world/turkey-syria-earthquake/a-fire-burning-out-of-control-at-a-turkish-port-threatens-to-hamper-relief-efforts?searchResultPosition=75,"Feb. 7, 2023"
Return to Haiti of a Coup Leader Raises Concerns of More Turmoil,"Guy Philippe, who helped lead the coup that ousted President Jean-Bertrand Aristide in 2004, is back in the politically unstable country after serving time in a U.S. prison.",https://www.nytimes.com/2023/11/30/world/americas/guy-philippe-haiti-return.html?searchResultPosition=76,"Nov. 30, 2023"
‘It’s Not Sustainable’: What America’s Port Crisis Looks Like Up Close,An enduring traffic jam at the Port of Savannah reveals why the chaos in global shipping is likely to persist.,https://www.nytimes.com/2021/10/11/business/supply-chain-crisis-savannah-port.html?searchResultPosition=77,"Oct. 10, 2021"
Drones Target Sudan Army Base During Top General’s Visit,"For 15 months, Gen. Abdel Fattah al-Burhan has been leading a war for control of the country against his rival, Lt. Gen. Mohamed Hamdan, the head of the paramilitary Rapid Support Forces.",https://www.nytimes.com/2024/07/31/world/africa/sudan-assasination-attempt-general-burhan.html?searchResultPosition=78,July 31
The Agriculture Department aims to ease port congestion by adding capacity.,,https://www.nytimes.com/live/2022/01/31/business/stock-market-economy-news/the-agriculture-department-aims-to-ease-port-congestion-by-adding-capacity?searchResultPosition=79,"Jan. 31, 2022"
Protesting workers in Trieste block some access to a busy port.,,https://www.nytimes.com/live/2021/10/15/world/italy-covid-green-pass/protesting-workers-in-trieste-block-some-access-to-a-busy-port?searchResultPosition=80,"Oct. 15, 2021"
Rising Discipline Problems in Schools: Another Sign of Pandemic’s Toll,"Incidents of student misconduct have risen in New York City since pandemic disruptions, though serious crimes in schools have decreased.",https://www.nytimes.com/2024/03/20/nyregion/safety-incidents-nyc-schools-police-discipline.html?searchResultPosition=81,March 20
Houthi militants claim a hit on an oil tanker off Yemeni coast that set it on fire.,,https://www.nytimes.com/live/2024/01/26/world/israel-hamas-gaza-news/houthis-claim-a-hit-on-an-oil-tanker-off-yemeni-coast-that-set-it-on-fire?searchResultPosition=82,Jan. 26
"Cyclone Remal Tears Through India and Bangladesh, Killing at Least 23","The storm, the first of the season, hit the South Asian countries after weeks of intense heat. Millions were left without power.",https://www.nytimes.com/2024/05/28/world/asia/cyclone-remal-bangladesh-india.html?searchResultPosition=83,May 28
Biden Casts Inflation as a Global Problem During a Visit to the Port of Los Angeles,The visit to the nation’s busiest entry point for goods comes as President Biden struggles to show progress on resolving supply chain issues that are fueling inflation.,https://www.nytimes.com/2022/06/10/us/politics/biden-inflation.html?searchResultPosition=84,"June 10, 2022"
Suspicious Package Near Port Authority Bus Terminal Disrupts Travel,The package caused the New York Police Department to briefly evacuate and close some entrances to the Manhattan terminal.,https://www.nytimes.com/2015/11/26/nyregion/suspicious-package-near-port-authority-bus-terminal-disrupts-travel.html?searchResultPosition=85,"Nov. 25, 2015"
The Death of Globalization? You Won’t Find It in New Orleans.,The city that was once the world’s gateway to America is betting it can win in a new and different era of global integration.,https://www.nytimes.com/2023/01/20/business/economy/globalization-new-orleans.html?searchResultPosition=86,"Jan. 20, 2023"
Two shipping giants stop sending vessels through the Red Sea after Houthi attacks.,,https://www.nytimes.com/live/2023/12/15/world/israel-hamas-war-gaza-news/houthi-ships-attack-red-sea?searchResultPosition=87,"Dec. 15, 2023"
The Fed says supply chain disruptions could prolong rapid inflation.,The invasion of Ukraine threatens to push up inflation just as the Fed is trying to drive it down.,https://www.nytimes.com/live/2022/03/16/business/fed-meeting-interest-rates/the-fed-says-supply-chain-disruptions-could-prolong-rapid-inflation?searchResultPosition=88,"March 16, 2022"
Wheat prices remain high as concern grows about Black Sea instability and disruption to the grain supply.,"There’s a robust supply of grain globally, but a long-term disruption to exports from Ukraine and a reliance on fewer countries for grain could cause prices to become more volatile.",https://www.nytimes.com/2023/07/20/business/economy/black-sea-grain.html?searchResultPosition=89,"July 20, 2023"
Strikes in recent days disrupt Crimea’s sense of security.,,https://www.nytimes.com/live/2022/08/20/world/ukraine-russia-news-war/strikes-in-recent-days-disrupt-crimeas-sense-of-security?searchResultPosition=90,"Aug. 20, 2022"
Wheat prices remain high as concern grows about Black Sea instability and disruption to the grain supply.,"There’s a robust supply of grain globally, but a long-term disruption to exports from Ukraine and a reliance on fewer countries for grain could cause prices to become more volatile.",https://www.nytimes.com/2023/07/20/business/economy/black-sea-grain.html?searchResultPosition=91,"July 20, 2023"
Strikes in recent days disrupt Crimea’s sense of security.,,https://www.nytimes.com/live/2022/08/20/world/ukraine-russia-news-war/strikes-in-recent-days-disrupt-crimeas-sense-of-security?searchResultPosition=92,"Aug. 20, 2022"
Thousands Wait at Ukraine Border After Polish Truckers Blockade It,"As drivers protested what they say is unfair competition from their Ukrainian counterparts, the waiting time at one checkpoint was estimated to be seven days.",https://www.nytimes.com/2023/11/10/world/europe/poland-ukraine-truckers-border.html?searchResultPosition=93,"Nov. 10, 2023"
"Orcas Sink Another Boat Near Iberia, Worrying Sailors Before Summer","Two people were rescued on Sunday after orcas damaged their boat near the Strait of Gibraltar, where the animals have caused havoc in recent years.",https://www.nytimes.com/2024/05/14/world/europe/orcas-sink-yacht-strait-of-gibraltar.html?searchResultPosition=94,May 14
G.M. cancels shifts at a Michigan plant as protests spread disruption.,Ford Motor and Toyota have also shut down some operations because factories could not get parts made in Canada.,https://www.nytimes.com/2022/02/10/world/canada/canada-protests-autos.html?searchResultPosition=95,"Feb. 10, 2022"
How Columbia Sportswear Is Loosening Its Ties to Asia,"Confronted with the U.S.-China trade war and disruptions in the shipping industry, the company is shifting some production to Central America.",https://www.nytimes.com/2023/10/24/business/columbia-sportswear-nearshoring-central-america.html?searchResultPosition=96,"Oct. 24, 2023"
Some Italian unions and associations see big disruptions ahead.,,https://www.nytimes.com/live/2021/10/15/world/italy-covid-green-pass/some-unions-and-associations-see-big-disruptions-ahead?searchResultPosition=97,"Oct. 15, 2021"
Canadian Government Orders Arbitration and End to Rail Freight Shutdown,"The shutdown had threatened to disrupt trade with the United States and other countries, as well as cause serious economic consequences in Canada.",https://www.nytimes.com/2024/08/22/world/canada/canada-freight-trains.html?searchResultPosition=98,Aug. 22
"What to Know About Novorossiysk, the Russian Port Attacked by Ukraine","The seaport is one of Russia’s largest by volume and among the biggest in Europe, crucial to the export of Russian grain, oil, and other products to countries around the world.",https://www.nytimes.com/2023/08/04/world/europe/novorossiysk-attack-russia-black-sea.html?searchResultPosition=99,"Aug. 4, 2023"
Blinken Meets With Mexico’s President About Surge in Migration at the Border,Secretary of State Antony J. Blinken’s meeting with President Andrés Manuel López Obrador comes as border crossings have reached record numbers and as a migrant caravan heads toward the United States.,https://www.nytimes.com/2023/12/27/us/politics/blinken-mexico-migrant-caravan.html?searchResultPosition=100,"Dec. 27, 2023"
"Crew Rescued, but Oil Tanker Attacked in Red Sea Is an ‘Environmental Hazard’",The incident appeared to be the most serious in weeks involving commercial shipping off Yemen’s coast. It was not clear whether any oil was leaking.,https://www.nytimes.com/2024/08/22/world/middleeast/red-sea-oil-tanker-missiles.html?searchResultPosition=101,Aug. 22
First Cruise: Preparations for a Smooth Sailing,"What a first-time passenger needs to know about booking popular excursions, avoiding huge bills for drinks, and how to find your way around on a labyrinthine ship.",https://www.nytimes.com/2023/11/29/travel/first-time-cruise-passengers-what-to-know.html?searchResultPosition=102,"Nov. 29, 2023"
Netanyahu portrayed Iran as the main threat to Israel. Here is some context.,,https://www.nytimes.com/live/2024/07/24/world/israel-gaza-war-hamas-netanyahu/netanyahu-portrayed-iran-as-the-main-threat-to-israel-here-is-some-context?searchResultPosition=103,July 24
How to Make the Audio in Your Projects Sound Better,"The right hardware and software — combined with time to learn — can improve the soundtrack in your videos, podcasts and other creative endeavors.",https://www.nytimes.com/2023/10/04/technology/personaltech/get-started-with-audio-editing.html?searchResultPosition=104,"Oct. 4, 2023"
"Britain’s Ports Are Jammed, and Brexit Is Around the Corner",Honda’s plant in England was forced to halt operations because its parts hadn’t arrived. Soon U.K. ports will face a mountain of customs declarations.,https://www.nytimes.com/2020/12/09/business/britain-ports-brexit.html?searchResultPosition=105,"Dec. 9, 2020"
Truckers’ protests over a labor law block access to Oakland’s port.,The truckers say they’re concerned that a law classifying many freelance workers as employees could hurt their ability to operate independently.,https://www.nytimes.com/2022/07/21/business/economy/port-oakland-truckers-protest.html?searchResultPosition=106,"July 21, 2022"
"A fire broke out at Novorossiysk, a key Russian port on the Black Sea.",,https://www.nytimes.com/live/2023/08/18/world/russia-ukraine-news-war/a-fire-broke-out-at-novorossiysk-a-key-russian-port-on-the-black-sea?searchResultPosition=107,"Aug. 18, 2023"
W.T.O. chief calls for deeper global trade to address supply chain disruptions.,"Ngozi Okonjo-Iweala, the World Trade Organization’s director general, said bringing more countries into international production networks could make supply chains more resilient.",https://www.nytimes.com/2022/03/21/business/world-trade-organization-supply-chains.html?searchResultPosition=108,"March 21, 2022"
U.S. and British Warplanes Again Strike Houthi-Linked Targets in Yemen,"The Iran-backed group, which has been targeting global shipping routes, has proved especially difficult for the United States and its allies to restrain.",https://www.nytimes.com/2024/02/24/us/politics/yemen-houthis-strikes.html?searchResultPosition=109,Feb. 24
Russian Sanctions Snarl Shipping Even as Pandemic Pressure Eases,Global disruptions from the war on Ukraine and uncertainty due to the sanctions have led to pileups at ports and could delay cargo longer.,https://www.nytimes.com/2022/03/11/business/russia-ukraine-shipping-cargo.html?searchResultPosition=110,"March 11, 2022"
"Supply chain problems continue to push up prices, with more disruptions in store.","Although shipping costs and delivery times eased slightly, supply chain constraints continued to push up consumer prices, and more disruptions are in store.",https://www.nytimes.com/live/2022/03/10/business/cpi-inflation-ukraine-stocks/supply-chain-pressures-continued-to-stoke-inflation-in-february?searchResultPosition=111,"March 10, 2022"
Traveling Today? What You Need to Know About the Global Tech Outage.,"While service is slowly recovering, flights are still being canceled and delays can stretch for hours. Here’s the latest on airlines, airports and cruises, as well as your rights and how to reach customer service.",https://www.nytimes.com/2024/07/19/travel/crowdstrike-outage-flight-delays-airports.html?searchResultPosition=112,July 19
Of Shots and Supply-Chain Snarls,How vaccine mandates can unclog the ports.,https://www.nytimes.com/2021/10/19/opinion/vaccine-mandates-us-ports-supply-chain.html?searchResultPosition=113,"Oct. 19, 2021"
Supply chain snags continued to drive up prices in December.,"The surge in coronavirus cases is idling workers at ports and trucking companies, while strong consumer demand continues to drive up the cost of shipping and energy.",https://www.nytimes.com/2022/01/12/business/inflation-supply-chain.html?searchResultPosition=114,"Jan. 12, 2022"
Houthi Militia in Yemen Presents a Special Challenge for U.S.,"In the past month alone, the Iranian-backed group has launched more than 100 attacks against commercial vessels in the Red Sea.",https://www.nytimes.com/2023/12/23/us/politics/gaza-houthi-yemen.html?searchResultPosition=115,"Dec. 23, 2023"
Activist Investor Seeks to Force Out Norfolk Southern’s Management,"A year after a derailment in Ohio raised questions about rail safety, an investment firm is seeking to install new management in an effort to increase profits.",https://www.nytimes.com/2024/05/08/business/norfolk-southern-activist-investor.html?searchResultPosition=116,May 8
Explained: Manchester United's train problem - and how they want to fix it,Why a rail freight terminal a stone’s throw from Old Trafford is central to the club's plans to redevelop their ground,https://www.nytimes.com/athletic/5523887/2024/06/05/old-trafford-freight-train/?searchResultPosition=117,June 5
Job Action Against Tesla Puts Sweden’s Unions in Spotlight,"The automaker’s mechanics in Sweden are striking for a collective agreement, and dockworkers say they will support the battle. Tesla is expected to join the talks on Monday.",https://www.nytimes.com/2023/11/05/business/economy/tesla-sweden-unions.html?searchResultPosition=118,"Nov. 5, 2023"
What America’s port crisis looks like up close: a traffic jam of containers and trucks.,,https://www.nytimes.com/live/2021/10/10/world/covid-delta-variant-vaccines/what-americas-port-crisis-looks-like-up-close-a-traffic-jam-of-containers-and-trucks?searchResultPosition=119,"Oct. 10, 2021"
"Russia Strikes Another Grain Terminal, Extending a Campaign Against Ukraine’s Ports","In St. Petersburg, President Vladimir V. Putin rejected calls for reviving a Black Sea grain deal or for ending fighting.",https://www.nytimes.com/2023/07/29/world/europe/russia-ukraine-war-grain.html?searchResultPosition=120,"July 29, 2023"
Subway Tunnel Blast Disrupts Morning Commute in New York,"An explosion near the Port Authority Bus Terminal on Monday morning temporarily closed the terminal and the subway station underneath, disrupting the commute for tens of thousands of commuters.",https://www.nytimes.com/2017/12/11/nyregion/mta-train-subway-explosion.html?searchResultPosition=121,"Dec. 11, 2017"
Supply Chain Woes Could Worsen as China Imposes New Covid Lockdowns,American manufacturers are worried that China’s zero-tolerance coronavirus policy could throw a wrench in the global conveyor belt for goods this year.,https://www.nytimes.com/2022/01/16/business/economy/china-supply-chain-covid-lockdowns.html?searchResultPosition=122,"Jan. 16, 2022"
Pentagon to Dismantle Temporary Pier Built for Gaza Aid Operation,The $230 million short-notice project has struggled to overcome rough seas and other problems since it started in May.,https://www.nytimes.com/2024/07/11/us/politics/gaza-pier-aid.html?searchResultPosition=123,July 11
"Explosions Shake a Texas Town, and Its View on Thanksgiving","Two explosions forced tens of thousands of people to leave the area around a chemical plant. “As long as we know that we’re O.K., that’s all that really matters,” one resident said.",https://www.nytimes.com/2019/11/28/us/port-neches-texas-explosion.html?searchResultPosition=124,"Nov. 28, 2019"
"Near U.K.’s Busiest Port, Brexit Hopes Are Layered in Asphalt",A 27-acre site is being built to handle trucks amid fears that new trade rules will slow freight movement. It has been nicknamed the “Farage Garage” after the pro-Brexit campaigner Nigel Farage.,https://www.nytimes.com/2020/08/08/world/europe/brexit-trucks-dover-mojo.html?searchResultPosition=125,"Aug. 8, 2020"
The attack on a Danube port raises the threat to Ukraine’s alternative export routes.,,https://www.nytimes.com/live/2023/07/24/world/russia-ukraine-news/ukraines-danube-ports-are-part-of-a-complicated-constellation-of-export-routes?searchResultPosition=126,"July 24, 2023"
Drones Disrupt Moscow Airport Traffic for a Second Day,"Russia said it had intercepted drones in two parts of the country, in what appeared to be the latest in a string of Ukrainian attacks intended to bring the war home to Russia’s citizens.",https://www.nytimes.com/2023/08/22/world/europe/ukraine-drones-moscow-russia.html?searchResultPosition=127,"Aug. 22, 2023"
U.S. energy prices jump as a winter storm disrupts production.,,https://www.nytimes.com/live/2021/02/16/business/stock-market-today/us-energy-prices-jump-as-a-winter-storm-disrupts-production?searchResultPosition=128,"Feb. 16, 2021"
Travel in 2023: 12 Months That ‘Took Chaos to a New Level’,"For many travelers and local residents who rely on tourism dollars, this year was an ‘annus horribilis,’ with disasters, upheavals and unparalleled weather events devastating top travel destinations across the globe.",https://www.nytimes.com/2023/12/20/travel/wildfires-floods-weather-travel.html?searchResultPosition=129,"Dec. 20, 2023"
"Disruption to Ukraine Grain Exports Could Worsen Hunger in Some Countries, Experts Warn","Moscow terminated a deal this week that allowing Ukraine to export its food crops, an agreement that had helped to stabilize grain prices and to ease a global food shortage.",https://www.nytimes.com/2023/07/21/world/europe/grain-prices-russia-ukraine-deal.html?searchResultPosition=130,"July 20, 2023"
Israel Hack of Iran Port Is Latest Salvo in Exchange of Cyberattacks,"Israel was behind a cyberattack that disrupted a major port in Iran, done in response to an attempt by the Revolutionary Guards to infiltrate an Israeli water facility.",https://www.nytimes.com/2020/05/19/world/middleeast/israel-iran-cyberattacks.html?searchResultPosition=131,"May 19, 2020"
Zelensky says he’s hopeful that grain will start moving from Ukraine’s ports soon.,,https://www.nytimes.com/live/2022/07/29/world/ukraine-russia-news-war/zelensky-says-hes-hopeful-that-grain-will-start-moving-from-ukraines-ports-soon?searchResultPosition=132,"July 29, 2022"
Travel in 2023: 12 Months That ‘Took Chaos to a New Level’,"For many travelers and local residents who rely on tourism dollars, this year was an ‘annus horribilis,’ with disasters, upheavals and unparalleled weather events devastating top travel destinations across the globe.",https://www.nytimes.com/2023/12/20/travel/wildfires-floods-weather-travel.html?searchResultPosition=133,"Dec. 20, 2023"
Britain’s economic recovery has slowed as supply disruptions persist.,"The economy grew 1.3 percent in the third quarter, down from 5.5 percent growth in the previous three months.",https://www.nytimes.com/2021/11/11/business/britain-economy-recovery.html?searchResultPosition=134,"Nov. 11, 2021"
What Does the Red Sea Crisis Mean for Oil Prices?,"Many energy and shipping firms have begun rerouting tankers, adding delays and extra costs to journeys that would put upward pressure on oil prices.",https://www.nytimes.com/2023/12/19/business/oil-prices-red-sea.html?searchResultPosition=135,"Dec. 19, 2023"
New Haitian Leader Visits Washington Seeking Additional Support,"Haiti’s newly selected prime minister, Garry Conille, met with Democrats on Capitol Hill as well as Biden administration officials, seeking more help to combat the unrest in his country.",https://www.nytimes.com/2024/07/02/us/politics/garry-conille-haiti-democrats.html?searchResultPosition=136,July 2
China’s Covid Lockdowns Set to Further Disrupt Global Supply Chains,"A surge in Omicron variant infections has prompted Chinese authorities to lock down residents, close factories and stop truck traffic, snarling already frayed supply chains.",https://www.nytimes.com/2022/03/15/business/covid-china-economy.html?searchResultPosition=137,"March 15, 2022"
‘No Jobs Available’: The Feast or Famine Careers of America’s Port Drivers.,"Consumer demand has cooled, leaving fewer containers to pick up on the West Coast. For Marshawn Jackson, a truck driver paid by the delivery, that means a hard scrabble to make ends meet.",https://www.nytimes.com/2022/10/28/business/supply-chain-shipping-jobs.html?searchResultPosition=138,"Oct. 28, 2022"
Here’s a timeline of how the coronavirus shaped and disrupted California.,,https://www.nytimes.com/live/2021/06/15/world/covid-vaccine-coronavirus-mask/heres-a-timeline-of-how-the-coronavirus-shaped-and-disrupted-california?searchResultPosition=139,"June 15, 2021"
"The closing of Ukraine’s southern ports could trigger a global food catastrophe, the U.N. warns.",,https://www.nytimes.com/live/2022/04/16/world/ukraine-russia-war-news/the-closing-of-ukraines-southern-ports-could-trigger-a-global-food-catastrophe-the-un-warns?searchResultPosition=140,"April 16, 2022"
"The closing of Ukraine’s southern ports could trigger a global food catastrophe, the U.N. warns.",,https://www.nytimes.com/live/2022/04/16/world/ukraine-russia-war-news/the-closing-of-ukraines-southern-ports-could-trigger-a-global-food-catastrophe-the-un-warns?searchResultPosition=141,"April 16, 2022"
Who Are the Houthis and Why Is the U.S. Attacking Them?,The Iranian-backed militia has launched dozens of attacks on commercial ships in the Red Sea since the war between Israel and Hamas started.,https://www.nytimes.com/2024/01/11/world/middleeast/houthi-yemen-red-sea-attacks.html?searchResultPosition=142,Jan. 11
Program to Lend Billions to Aid California’s Supply-Chain Infrastructure,"The Transportation Department and the state are teaming up on the program, which aims to prevent a repeat of the supply-chain crisis by bolstering ports and other sources of bottlenecks.",https://www.nytimes.com/2021/10/28/us/politics/california-ports-supply-chain.html?searchResultPosition=143,"Oct. 28, 2021"
How a Rail Strike Could Wreak Havoc on the American Supply Chain,"If freight trains stop rolling, the result could be chaos for business, shortages for consumers, and fresh momentum for rising prices.",https://www.nytimes.com/2022/09/14/business/freight-rail-strike-supply-chain.html?searchResultPosition=144,"Sept. 14, 2022"
Businesses Are Already Girding for Next Phase of the U.S.-China Trade War,"Alarmed by the prospect of increased tariffs on Chinese goods if Donald Trump is elected, some American companies are stockpiling parts and delaying expansions.",https://www.nytimes.com/2024/08/19/business/china-us-trade-war.html?searchResultPosition=145,Aug. 19
"Truck Plummets and Crashes, Closing Port Authority Bus Terminal",The garbage truck landed nose-first on Route 495. Thousands were delayed in their preholiday trip home.,https://www.nytimes.com/2019/07/03/nyregion/port-authority-closed-crash.html?searchResultPosition=146,"July 3, 2019"
"New Supply Chain Risk: 22,000 Dockworkers Who May Soon Strike","With the contract of union workers at West Coast ports nearing expiration, the prospect of a labor impasse threatens another shock to the global economy.",https://www.nytimes.com/2022/03/28/business/dockworkers-strike-supply-chain.html?searchResultPosition=147,"March 28, 2022"
"How the Supply Chain Broke, and Why It Won’t Be Fixed Anytime Soon",Confession: We didn’t even have a logistics beat before the pandemic. Now we do. Here’s what we’ve learned about the global supply chain disruption.,https://www.nytimes.com/2021/10/22/business/shortages-supply-chain.html?searchResultPosition=148,"Oct. 22, 2021"
Truck Jam Eases at U.K. Port Days After France Reopens Border,"Even with new restrictions around the world to try to stop the transmission of a virus variant sweeping rapidly across Britain, the mutation has already spread to France, Spain and Japan.",https://www.nytimes.com/2020/12/26/world/europe/truck-jam-uk-france-covid.html?searchResultPosition=149,"Dec. 26, 2020"
Royal Caribbean cancels upcoming cruises as Covid disrupts the industry.,The company said it had called off planned trips on three ships and pushed back another’s return to cruising to March.,https://www.nytimes.com/2022/01/08/travel/royal-caribbean-cruises-cancellations-covid.html?searchResultPosition=150,"Jan. 8, 2022"
Newark’s Reviled Terminal A Is Getting a $2.7 Billion Upgrade,"A huge, art-filled building will replace the cramped, overcrowded old terminal at Newark Liberty International Airport on Dec. 8.",https://www.nytimes.com/2022/11/16/nyregion/newark-terminal-a-liberty-airport.html?searchResultPosition=151,"Nov. 16, 2022"
Ukrainian Attack Cuts Power to Some Russian-Occupied Areas,"The assault on energy infrastructure, a significant theater in the war, followed a large-scale Russian drone attack on Kyiv.",https://www.nytimes.com/2023/11/26/world/europe/ukraine-russia-drones-power-infrastructure.html?searchResultPosition=152,"Nov. 26, 2023"
Florida Officials Warn of Fuel Contamination as Idalia Approaches,"The contamination, which officials said resulted from the accidental mixing of diesel and gasoline, comes as Gulf Coast residents face potential evacuation orders.",https://www.nytimes.com/2023/08/28/us/florida-gas-diesel-contamination-idalia.html?searchResultPosition=153,"Aug. 28, 2023"
1947: Rail Walkout in Marseilles Halts Traffic,"The number of strikers in the French port city reached 100,000, with thousands of passengers stranded and communication disrupted.",https://www.nytimes.com/2022/11/21/world/1947-rail-walkout-marseilles.html?searchResultPosition=154,"Nov. 21, 2022"
Egypt Feels Pain of Global Disruptions Wrought by War and Pandemic,The country’s economy has been very hard hit by cascading crises which have disrupted worldwide trade.,https://www.nytimes.com/2022/09/20/world/middleeast/egypt-economy-ukraine-war-pandemic.html?searchResultPosition=155,"Sept. 20, 2022"
Coronavirus Disrupts Travel Plans Across Asia,"Some tour operators, travel insurance brokers and even airline employees say they are facing growing numbers of customers who want to avoid the region.",https://www.nytimes.com/2020/02/07/travel/traveling-coronavirus.html?searchResultPosition=156,"Feb. 7, 2020"
Pipeline Protests Cause Widespread Travel Delays Across Canada,A small protest in Ontario supporting an Indigenous effort to block a pipeline thousands of miles away has created large-scale disruption in Canada.,https://www.nytimes.com/2020/02/12/world/canada/gas-pipeline-protests.html?searchResultPosition=157,"Feb. 12, 2020"
"New Fire Erupts in Beirut Port, Just Weeks After Devastating Blast","Orange flames and a plume of black smoke rose over the city, terrifying residents still recovering from last month’s explosion.",https://www.nytimes.com/2020/09/10/world/middleeast/beirut-port-fire.html?searchResultPosition=158,"Sept. 10, 2020"
OPEC to Meet Amid Signs of Waning Influence on Oil Prices,"Major producers, including Saudi Arabia and Russia, are set to gather virtually on Sunday. They are expected to maintain production cuts amid signs of a softening market.",https://www.nytimes.com/2024/05/31/business/opec-meeting-oil-prices.html?searchResultPosition=159,May 31
"As Russia Threatens Ships in the Black Sea, a Romanian Route Provides a Lifeline","A 40-mile channel, best known outside shipping circles as a magnet for bird watchers, is now a crucial route allowing Ukrainian grain to reach the sea, protected by a NATO umbrella.",https://www.nytimes.com/2023/08/16/world/europe/ukraine-romania-danube-shipping.html?searchResultPosition=160,"Aug. 16, 2023"
"Storm Batters Southern Ukraine, Spreading Misery for Civilians and Soldiers",Violent waves stirred by hurricane-force winds threatened to tear maritime mines from their moorings in the Sea of Azov and the Black Sea.,https://www.nytimes.com/2023/11/27/world/europe/ukraine-storm-black-sea-russia.html?searchResultPosition=161,"Nov. 27, 2023"
Economists Predicted a Recession. So Far They’ve Been Wrong.,"A widely predicted recession never showed up. Now, economists are assessing what the unexpected resilience tells us about the future.",https://www.nytimes.com/2024/01/26/business/economy/economy-recession-soft-landing.html?searchResultPosition=162,Jan. 26
Food as You Know It Is About to Change,Our food supply is more fragile than you think.,https://www.nytimes.com/2024/07/28/opinion/food-climate-crisis-prices.html?searchResultPosition=163,July 28
Texas Oil Port Hit by One-Two Punch: Falling Demand and Overproduction,"Corpus Christi has become the largest energy exporter in the United States, but several expansion projects have been delayed or scuttled, threatening jobs and investments.",https://www.nytimes.com/2020/04/28/business/coronavirus-oil-texas-port.html?searchResultPosition=164,"April 28, 2020"
Green Energy Builders Sought Billions More in Subsidies. New York Said No.,The developers will have to decide whether to absorb higher-than-expected costs or break their contracts with the state.,https://www.nytimes.com/2023/10/12/nyregion/wind-farm-subsidies.html?searchResultPosition=165,"Oct. 12, 2023"
Who and What’s Behind the Blockades Disrupting Canada’s Rails,"A long-running dispute over a pipeline in British Columbia has turned into a national political storm, caused layoffs in the rail industry and raised broader economic fears.",https://www.nytimes.com/2020/02/21/world/canada/pipeline-blockades-explainer.html?searchResultPosition=166,"Feb. 21, 2020"
Worries over Britain’s food supplies grow after France suspends trucks from Britain.,,https://www.nytimes.com/live/2020/12/21/business/us-economy-coronavirus/worries-over-britains-food-supplies-grow-after-france-suspends-trucks-from-britain?searchResultPosition=167,"Dec. 21, 2020"
Supply-chain snarls reach the book publishing industry.,,https://www.nytimes.com/2021/10/13/world/supply-chain-snarls-reach-the-book-publishing-industry.html?searchResultPosition=168,"Oct. 4, 2021"
Trade Troubles: Learning About the Global Supply Chain and Why It’s Broken,"In this lesson plan, students will explore how delays, product shortages and rising prices are linked to a crisis in international trade.",https://www.nytimes.com/2021/10/21/learning/lesson-plans/trade-troubles-learning-about-the-global-supply-chain-and-why-its-broken.html?searchResultPosition=169,"Oct. 21, 2021"
Shipping Costs Soar in Wake of Red Sea Attacks,"Ships risking Houthi attacks must pay high insurance premiums, while vessels avoiding the region lose time going around Africa.",https://www.nytimes.com/2024/01/24/business/red-sea-attacks-shipping-costs.html?searchResultPosition=170,Jan. 24
Tanzania Arrests 520 People in Mass Opposition Crackdown,The clampdown came after the police banned a youth rally and pointed to the anti-government protests that have swept neighboring Kenya in recent months.,https://www.nytimes.com/2024/08/13/world/africa/tanzania-arrests-520-people-crackdown.html?searchResultPosition=171,Aug. 13
An Unlikely New Threat to Haiti’s Stability: An Armed Environmental Group,The country’s political crisis grew more volatile this week after an armed environmental brigade allied with a former coup leader began demanding the prime minister’s ouster.,https://www.nytimes.com/2024/01/25/world/americas/haiti-political-instability-bsap.html?searchResultPosition=172,Jan. 25
What a hard Brexit would mean for trade between Britain and the United States.,,https://www.nytimes.com/live/2020/12/08/business/us-economy-coronavirus/what-a-hard-brexit-would-mean-for-trade-between-britain-and-the-united-states?searchResultPosition=173,"Dec. 8, 2020"
"After Too Much Rain, Too Little Gas in South Florida’s Stations","State and federal officials are working to get more gasoline to consumers after torrential rainstorms last week damaged infrastructure, setting off shortages.",https://www.nytimes.com/2023/04/21/us/florida-storms-gas-epa-white-house.html?searchResultPosition=174,"April 21, 2023"
Striking truck drivers in South Korea snarl supply chains.,Automakers and steel companies reported disruptions as a job action entered a seventh day.,https://www.nytimes.com/2022/06/13/business/south-korea-strike-truckers.html?searchResultPosition=175,"June 13, 2022"
‘I’ve Never Seen Anything Like This’: Chaos Strikes Global Shipping,"The pandemic has disrupted international trade, driving up the cost of shipping goods and adding a fresh challenge to the global economic recovery.",https://www.nytimes.com/2021/03/06/business/global-shipping.html?searchResultPosition=176,"March 6, 2021"
Brexit Customs Checks Make a Quiet Debut at U.K. Ports,"Starting the new rules on a holiday helped, with some predicting more confusion and backups in the days ahead.",https://www.nytimes.com/2021/01/01/business/brexit-uk-ports.html?searchResultPosition=177,"Jan. 1, 2021"
Angling for a Merry ‘Fishmas’ Despite Global Shipping Delays,The travails of a Chicago fishing company’s advent calendar highlight the supply chain hurdles for businesses trying to deliver items in time for the holidays.,https://www.nytimes.com/2021/10/31/business/economy/global-shipping-delays-shortages.html?searchResultPosition=178,"Oct. 31, 2021"
Amsterdam’s Latest Effort to Fight Excessive Tourism: No New Hotels,The city wants no more than 20 million hotel stays annually. The measure is one of multiple efforts to control the flow of visitors.,https://www.nytimes.com/2024/04/18/world/europe/amsterdam-tourism-hotel-stop.html?searchResultPosition=179,April 18
Trucker Strike Disrupts Port of Montreal,,https://www.nytimes.com/2000/11/15/business/trucker-strike-disrupts-port-of-montreal.html?searchResultPosition=180,"Nov. 15, 2000"
U.S. Strikes Houthi Targets in Yemen for a Third Time,"The American strikes destroyed four missiles that posed a threat to ships in the Red Sea, the Pentagon said. They came on the third day in a row the Houthis have defiantly fired at passing ships.",https://www.nytimes.com/2024/01/16/world/middleeast/us-strikes-houthis-yemen.html?searchResultPosition=181,Jan. 16
President Biden says the White House is taking steps to address supply chain snarls caused by the pandemic.,"The White House is looking to spotlight its efforts to address the problems in ports, factories and shipping lanes that have helped produce shortages, long delivery times and rapid price increases.",https://www.nytimes.com/live/2021/10/13/world/covid-delta-variant-vaccine/president-biden-says-the-white-house-is-taking-steps-to-address-supply-chain-snarls?searchResultPosition=182,"Oct. 13, 2021"
How a Distant War Is Threatening Livelihoods in the Arctic Circle,The fighting in Ukraine has disrupted a region in northern Norway that had thrived on cross-border trade and cooperation with Russia.,https://www.nytimes.com/2023/07/10/world/europe/ukraine-war-arctic-circle.html?searchResultPosition=183,"July 10, 2023"
U.S. and British forces intercept 21 projectiles aimed at ships in Red Sea.,,https://www.nytimes.com/live/2024/01/10/world/israel-hamas-war-gaza-news/us-and-british-forces-intercept-21-projectiles-aimed-at-ships-in-red-sea?searchResultPosition=184,Jan. 10
The pandemic causes upheaval in international trade.,,https://www.nytimes.com/live/2021/03/08/business/stock-market-today/the-pandemic-causes-upheaval-in-international-trade?searchResultPosition=185,"March 8, 2021"
Where the Canadian Trucker Protests Happened,"Truck drivers protesting vaccine mandates parked their trucks in cities across Canada, blocking traffic and disrupting the flow of goods between the nation and the U.S.",https://www.nytimes.com/interactive/2022/02/11/world/canada-trucker-protests.html?searchResultPosition=186,"Feb. 11, 2022"
"Orcas Sink Fourth Boat Off Iberia, Unnerving Sailors","Orcas caused enough damage to sink a yacht in the Strait of Gibraltar last week. A small pod has been slamming boats in recent years, worrying skippers charting routes closer to shore.",https://www.nytimes.com/2023/11/07/world/africa/orcas-sink-yacht-gibraltar.html?searchResultPosition=187,"Nov. 7, 2023"
"The Russian invasion threatens tens of millions of people with famine, the U.N. secretary-general says.",,https://www.nytimes.com/live/2022/05/19/world/russia-ukraine-war/the-russian-invasion-threatens-tens-of-millions-of-people-with-famine-the-un-secretary-general-says?searchResultPosition=188,"May 19, 2022"
Lockdowns in China Block Truck Shipments and Close Factories,"China’s Covid lockdowns and restrictions are holding up truck drivers who carry crucial components among factories and take products to ports, posing a new disruption to the global supply chain.",https://www.nytimes.com/2022/04/08/business/china-lockdowns-supply-chain.html?searchResultPosition=189,"April 8, 2022"
"Citing a Chevron Tanker, Ukraine Seeks Tougher Restrictions at Russian Ports",A top Ukrainian official criticized companies in the United States and Greece for helping Russia continue to profit from oil despite its attack on Ukraine.,https://www.nytimes.com/2022/03/16/climate/chevron-tanker-russia-oil-ukraine.html?searchResultPosition=190,"March 16, 2022"
Lockdowns in China Block Truck Shipments and Close Factories,"China’s Covid lockdowns and restrictions are holding up truck drivers who carry crucial components among factories and take products to ports, posing a new disruption to the global supply chain.",https://www.nytimes.com/2022/04/08/business/china-lockdowns-supply-chain.html?searchResultPosition=191,"April 8, 2022"
"Citing a Chevron Tanker, Ukraine Seeks Tougher Restrictions at Russian Ports",A top Ukrainian official criticized companies in the United States and Greece for helping Russia continue to profit from oil despite its attack on Ukraine.,https://www.nytimes.com/2022/03/16/climate/chevron-tanker-russia-oil-ukraine.html?searchResultPosition=192,"March 16, 2022"
‘Everything Was Destroyed’: War Hits Ukraine’s Farms,"The Russian invasion is pummeling Ukraine’s agriculture, threatening harvests in Europe’s breadbasket and contributing to a global food crisis.",https://www.nytimes.com/2022/04/10/world/europe/ukraine-farmers-food.html?searchResultPosition=193,"April 10, 2022"
"Eurostar, Symbol of a Connected Europe, Is Plagued by Brexit Hurdles","The high-speed train service under the English Channel is leaving many seats unfilled, rather than risk delays caused by more rigorous passport checks for Britons.",https://www.nytimes.com/2023/01/27/world/europe/eurostar-brexit-passport-delay.html?searchResultPosition=194,"Jan. 27, 2023"
The World Is Still Short of Everything. Get Used to It.,"Pandemic-related product shortages — from computer chips to construction materials — were supposed to be resolved by now. Instead, the world has gained a lesson in the ripple effects of disruption.",https://www.nytimes.com/2021/08/30/business/supply-chain-shortages.html?searchResultPosition=195,"Aug. 30, 2021"
The Rise and Fall of the World’s Most Successful Joint Venture,"China and the U.S. both gained from their economic integration. As they pull apart, each is finding it will be hard to fully replace the other.",https://www.nytimes.com/2023/11/14/business/us-china-economy-trade.html?searchResultPosition=196,"Nov. 14, 2023"
It’s beginning to feel a lot like Fishmas.,,https://www.nytimes.com/live/2021/11/02/business/news-business-stock-market/its-beginning-to-feel-a-lot-like-fishmas?searchResultPosition=197,"Nov. 2, 2021"
"Every day, the cost of the blockage grows more substantial.",,https://www.nytimes.com/live/2021/03/27/world/suez-canal-stuck-ship/every-day-the-cost-of-the-blockage-grows-more-substantial?searchResultPosition=198,"March 27, 2021"
A record number of cargo ships off the California coast shows a crack in the supply chain.,"Sixty-one vessels were anchored offshore on Thursday waiting to unload cargo at the Port of Los Angeles and the Port of Long Beach, down from 73 on Sunday.",https://www.nytimes.com/2021/09/23/business/cargo-ships-supply-chain.html?searchResultPosition=199,"Sept. 23, 2021"
Pandemic supply chain woes could worsen with new lockdowns in China.,,https://www.nytimes.com/live/2022/01/17/world/omicron-covid-vaccine-tests/pandemic-supply-chain-woes-could-worsen-with-new-lockdowns-in-china?searchResultPosition=200,"Jan. 17, 2022"
How a Fertilizer Shortage Is Spreading Desperate Hunger,"Across Africa and in parts of Asia, disruption to the supply chain for fertilizer is raising food prices and increasing malnutrition.",https://www.nytimes.com/2023/10/15/business/nigeria-fertilizer-shortage.html?searchResultPosition=201,"Oct. 15, 2023"
"With Cuomo Out, $2.1 Billion La Guardia AirTrain Is Halted",Gov. Kathy Hochul had asked the Port Authority of New York and New Jersey to put the project on hold and review alternatives.,https://www.nytimes.com/2021/10/12/nyregion/laguardia-airport-airtrain.html?searchResultPosition=202,"Oct. 12, 2021"
"With Inflation Surging, Biden Targets Ocean Shipping","The president is targeting shipping companies that have jacked up prices during the pandemic, but critics say bigger economic forces are at work.",https://www.nytimes.com/2022/03/21/business/economy/inflation-biden-shipping.html?searchResultPosition=203,"March 21, 2022"
The U.S. Has a New Set of Tools for Bullying the World,How the global economy became weaponized.,https://www.nytimes.com/2023/10/04/opinion/global-economy-weaponize.html?searchResultPosition=204,"Oct. 4, 2023"
Sheriff Posts Video of 11-Year-Old Charged in Fake School Shooting Threat,"Sheriff Mike Chitwood of Volusia County, Fla., said he was exasperated by children making dozens of fake school shooting threats. He has promised to name and post mug shots of every offender.",https://www.nytimes.com/2024/09/17/us/florida-false-school-shootings-mugshots.html?searchResultPosition=205,Sept. 17
Why the World’s Container Ships Grew So Big,"As global trade has grown, shipping companies have steadily increased ship sizes — but the Suez Canal blockage showed that bigger is not always better.",https://www.nytimes.com/2021/03/30/business/economy/container-ships-suez-canal.html?searchResultPosition=206,"March 30, 2021"
"After Red Sea Barrage by Houthis, U.S. and Allies Weigh Retaliation","American officials and their allies warned that there would be consequences for the Houthis, the Iranian-backed armed group that has disrupted shipping in the Red Sea.",https://www.nytimes.com/2024/01/10/world/middleeast/houthis-red-sea-us-response.html?searchResultPosition=207,Jan. 10
"The Disruption of Weddings, Then and Now","During World War II and over the past year, couples learned to be resilient and flexible. A New Orleans museum keeps some memories from wartime alive.",https://www.nytimes.com/2021/04/08/style/the-disruption-of-weddings-then-and-now.html?searchResultPosition=208,"April 8, 2021"
World Briefing | Africa: Gabon: Protests Disrupt Oil Port,,https://www.nytimes.com/2001/06/21/world/world-briefing-africa-gabon-protests-disrupt-oil-port.html?searchResultPosition=209,"June 21, 2001"
Tesla’s Nordic Shareholders Seek to Promote Workers’ Rights in Vote,Tesla mechanics in Sweden have been striking for six months with little movement from their employer. Nordic shareholders hope to change that.,https://www.nytimes.com/2024/06/13/business/elon-musk-tesla-vote-sweden-norway.html?searchResultPosition=210,June 13
TUG CREWS SPURN PACT AND STRIKE; PORT DISRUPTED; Lack of Provision of Relief Crews on Longer Trips Rankles Membership; NEW MEETINGS SOUGHT; Queen Elizabeth Will Dock Without Aid Tomorrow—City Eyes Fuel Supply,union members reject pact for failure to provide 4th craw for seagoing tugs; vote to strike 65 cos despite plea from pres O'Hare; order new talks on original demands; strikers illus,https://www.nytimes.com/1964/02/02/archives/tug-crews-spurn-pact-and-strike-port-disrupted-lack-of-provision-of.html?searchResultPosition=211,"Feb. 2, 1964"
Map: Where Hurricane Ian Hit Florida Hardest,See areas around Fort Myers and Florida’s southwest coast that experienced dangerous storm surges and extensive flooding.,https://www.nytimes.com/interactive/2022/09/29/us/hurricane-ian-flooding-fort-myers-florida.html?searchResultPosition=212,"Sept. 29, 2022"
Tesla’s Nordic Shareholders Seek to Promote Workers’ Rights in Vote,Tesla mechanics in Sweden have been striking for six months with little movement from their employer. Nordic shareholders hope to change that.,https://www.nytimes.com/2024/06/13/business/elon-musk-tesla-vote-sweden-norway.html?searchResultPosition=213,June 13
"As Dockworkers Near Contract’s End, Many Others Have a Stake","West Coast longshoremen and port operators say they’re determined to reach an agreement, but truckers and retailers relying on cargo are uneasy.",https://www.nytimes.com/2022/06/30/business/economy/ports-workers-union-california.html?searchResultPosition=214,"June 30, 2022"
Your Tales of La Guardia Airport Hell,Construction at the Queens airport hit its most disruptive phase this summer. Passengers faced long waits for shuttles and gridlock traffic. Here’s what it looked like.,https://www.nytimes.com/interactive/2019/08/29/nyregion/la-guardia-airport.html?searchResultPosition=215,"Aug. 29, 2019"
Texas Energy Industry Recovering From Hurricane’s Disruption,"Two weeks after the storm, refineries are resuming operations, deliveries and shipping are getting back to normal and gasoline prices are stabilizing.",https://www.nytimes.com/2017/09/08/business/energy-environment/texas-energy-industry.html?searchResultPosition=216,"Sept. 8, 2017"
The Maldives Is a Tiny Paradise. Why Are China and India Fighting Over It?,"Asia’s two giants are crowding the island nation with building projects, tossing its newborn democracy to and fro.",https://www.nytimes.com/2024/03/05/world/asia/maldives-china-india.html?searchResultPosition=217,March 5
Why the global supply chain is jammed.,,https://www.nytimes.com/live/2021/10/31/world/g20-summit-2021-biden/why-the-global-supply-chain-is-jammed?searchResultPosition=218,"Oct. 31, 2021"
How Russia’s War on Ukraine Is Worsening Global Starvation,"Moscow blocks most shipments from Ukraine, one of the world’s largest wheat producers, and its attacks on the country’s energy grid also disrupt the flow of food.",https://www.nytimes.com/2023/01/02/us/politics/russia-ukraine-food-crisis.html?searchResultPosition=219,"Jan. 2, 2023"
"As Ridership Soars, PATH Service Disruptions Cut Deep",Weekend work on the PATH rail system between northern New Jersey and Midtown Manhattan has been a major inconvenience for those who rely on the line.,https://www.nytimes.com/2016/08/20/nyregion/nj-path-disruptions.html?searchResultPosition=220,"Aug. 19, 2016"
Why the global supply chain is jammed.,,https://www.nytimes.com/live/2021/10/31/world/g20-summit-2021-biden/why-the-global-supply-chain-is-jammed?searchResultPosition=221,"Oct. 31, 2021"
‘You Couldn’t Plan It All if You Tried’: Cruising the Rhone River in High Style,"On a first-time luxury river cruise in France, our reporter learns why this all-inclusive trip, despite its expense, was worth it.",https://www.nytimes.com/2023/10/02/travel/france-rhone-river-cruise.html?searchResultPosition=222,"Oct. 2, 2023"
Russia says a Ukrainian drone damaged a building in Moscow.,,https://www.nytimes.com/live/2023/08/18/world/russia-ukraine-news-war/russia-says-it-shot-down-a-drone-over-central-moscow?searchResultPosition=223,"Aug. 18, 2023"
Vessels await word that they can carry the first grain shipments out of Ukraine.,,https://www.nytimes.com/2022/07/30/world/europe/turkish-ship-awaits-word-it-can-carry-first-grain-shipment-out-of-ukraine.html?searchResultPosition=224,"July 30, 2022"
"Threatened With Rail Strike, N.J. Transit Warns of Disruptions",The agency warned that under its contingency plans it would be able to transport fewer than half its regular commuters to New York City.,https://www.nytimes.com/2016/03/04/nyregion/threatened-with-rail-strike-nj-transit-warns-of-disruptions.html?searchResultPosition=225,"March 3, 2016"
Who are the Houthis?,,https://www.nytimes.com/live/2024/03/06/world/israel-hamas-war-gaza-news/who-are-the-houthis?searchResultPosition=226,March 6
South Korea delays trains and cancels some flights as the storm hits.,,https://www.nytimes.com/live/2022/09/05/world/typhoon-hinnamnor/south-korea-delays-trains-and-cancels-some-flights-as-storm-hits-peninsula?searchResultPosition=227,"Sept. 5, 2022"
J.F.K. Computer Glitch Wreaks Havoc on Air Passengers,The disruption at Terminal 7 ground the check-in process to a near halt and forced airline employees to hand-write boarding passes for thousands of unhappy passengers.,https://www.nytimes.com/2016/05/30/nyregion/verizon-service-disruption-wreaks-havoc-at-kennedy-airport.html?searchResultPosition=228,"May 30, 2016"
Subway Service Disrupted After Water Main Break on Upper West Side,"Subway service on the No. 1, 2 and 3 lines has resumed in time for the evening commute after water flooded the area around Lincoln Center.",https://www.nytimes.com/2020/01/13/nyregion/water-main-break-flood.html?searchResultPosition=229,"Jan. 13, 2020"
"As a grain shipment heads to Lebanon, fighting intensifies on many fronts.",,https://www.nytimes.com/2022/08/02/world/europe/as-a-grain-shipment-heads-to-lebanon-fighting-intensifies-on-many-fronts.html?searchResultPosition=230,"Aug. 2, 2022"
Newark Airport Traffic Is Briefly Halted After Drone Is Spotted,"The disruption at Newark Liberty International Airport lasted about 90 minutes, after pilots reported seeing a drone about 3,500 feet over a nearby private airport.",https://www.nytimes.com/2019/01/22/nyregion/drones-newark-airport-ground-stop.html?searchResultPosition=231,"Jan. 22, 2019"
"Grateful for E.U. Aid, Ukraine Now Waits for the United States","The E.U. package of about $54 billion will be spent on nonmilitary expenses, like pensions, payments to displaced people and paying teachers and doctors.",https://www.nytimes.com/2024/02/01/world/europe/ukraine-eu-aid.html?searchResultPosition=232,Feb. 1
America’s almond farmers are getting squeezed out of the supply chain.,,https://www.nytimes.com/live/2022/04/28/business/gdp-inflation-news/americas-almond-farmers-are-getting-squeezed-out-of-the-supply-chain?searchResultPosition=233,"April 28, 2022"
A chunk of world trade is stuck waiting for the Suez Canal to clear.,,https://www.nytimes.com/2021/03/29/business/a-chunk-of-world-trade-is-stuck-waiting-for-the-suez-canal-to-clear.html?searchResultPosition=234,"March 29, 2021"
What Would a No-Deal Brexit Look Like?,"A no-deal Brexit, once unthinkable, could happen in less than two weeks, barring a deadline extension. Here are some of the likely consequences.",https://www.nytimes.com/2019/04/02/world/europe/brexit-no-deal-outcomes.html?searchResultPosition=235,"April 2, 2019"
$2.1 Billion AirTrain to La Guardia Gets Green Light from U.S.,"The approval, a victory for Gov. Cuomo, comes over the objections of environmentalists and elected officials and clears way for construction.",https://www.nytimes.com/2021/07/20/nyregion/laguardia-airport-train.html?searchResultPosition=236,"July 20, 2021"
"14 Die and Hundreds Sickened in Pakistan, and the Cause Is a Mystery","Officials are giving conflicting explanations of the cause of the trouble, which may stem from a gas leak at Karachi’s port.",https://www.nytimes.com/2020/02/19/world/asia/karachi-pakistan-gas-leak.html?searchResultPosition=237,"Feb. 19, 2020"
"Matt Damon, Fran Drescher and an Indian Soybean Farmer on 2024",I asked an array of people what they’re wishing for in the new year.,https://www.nytimes.com/2023/12/27/opinion/matt-damon-fran-drescher-2024.html?searchResultPosition=238,"Dec. 27, 2023"
"Tariffs, Traffic and Red Tape: What a ‘No-Deal’ Brexit Could Mean for Britain","If British and E.U. negotiators fail to reach a trade deal before a Dec. 31 deadline, disruptions at ports and on roads could ensue, and goods are likely to get more expensive because of new duties.",https://www.nytimes.com/2020/12/18/world/europe/no-deal-brexit.html?searchResultPosition=239,"Dec. 18, 2020"
How the Supply Chain Crisis Unfolded,"The highly intricate and interconnected global supply chain is in upheaval, and in one way or another, much of the crisis can be traced to the outbreak of Covid-19.",https://www.nytimes.com/interactive/2021/12/05/business/economy/supply-chain.html?searchResultPosition=240,"Dec. 5, 2021"
How the Supply Chain Crisis Unfolded,"The highly intricate and interconnected global supply chain is in upheaval, and in one way or another, much of the crisis can be traced to the outbreak of Covid-19.",https://www.nytimes.com/interactive/2021/12/05/business/economy/supply-chain.html?searchResultPosition=241,"Dec. 5, 2021"
‘Everybody Is a Bit on Edge’: Sailors Trade Tips on Steering Clear of Orcas,"With a pod of the sea creatures ramming boats in the Strait of Gibraltar, some crews are turning to homegrown solutions. Can playing heavy metal really keep them away?",https://www.nytimes.com/2023/11/15/world/europe/orcas-attacks-boats.html?searchResultPosition=242,"Nov. 15, 2023"
"New York, Overwhelmed, Toughens Stance on Housing Migrant Families",The city will impose a 60-day limit on how long families with children can stay at any one shelter before having to leave and reapply to enter the system.,https://www.nytimes.com/2023/10/18/nyregion/migrants-shelter-nyc.html?searchResultPosition=243,"Oct. 18, 2023"
Hurricane Hilary: What Travelers Need to Know,Flights and other travel plans may be disrupted by the powerful storm moving up the Baja California Peninsula and toward the southwestern United States.,https://www.nytimes.com/2023/08/18/travel/hurricane-hilary-travel-california.html?searchResultPosition=244,"Aug. 18, 2023"
"Port Authority Bomber Was Trying to Commit Suicide, Defense Argues","As the terror trial of Akayed Ullah opened, his lawyer said he had nothing to do with the Islamic State, but had tried to kill himself with a pipe bomb.",https://www.nytimes.com/2018/10/30/nyregion/port-authority-bombing-trial.html?searchResultPosition=245,"Oct. 30, 2018"
More Ukrainian officials accuse Russia of intentionally slowing grain shipments.,A U.N.-brokered deal ended a five-month Russian blockade of Ukrainian ports and freed millions of tons of agricultural products for a 120-day period.,https://www.nytimes.com/2022/10/23/world/europe/more-ukrainian-officials-accuse-russia-of-intentionally-slowing-grain-shipments.html?searchResultPosition=246,"Oct. 23, 2022"
China reports strong export numbers despite shipping delays.,"Officials said the country’s exports surged 32.2 percent in June compared with the same month last year, surprising many economists.",https://www.nytimes.com/2021/07/13/business/china-exports.html?searchResultPosition=247,"July 13, 2021"
"Bomber Strikes Near Times Square, Disrupting City but Killing None","The would-be suicide attacker told officials he set off the bomb in retaliation for U.S. strikes on ISIS, targeting a subway tunnel because of its Christmas-themed posters.",https://www.nytimes.com/2017/12/11/nyregion/explosion-times-square.html?searchResultPosition=248,"Dec. 11, 2017"
A Forgotten Italian Port Could Become a Chinese Gateway to Europe,"Despite American objections, Italy is set to become the first Group of 7 nation to participate in Beijing’s vast One Belt, One Road infrastructure project.",https://www.nytimes.com/2019/03/18/world/europe/italy-trieste-china-belt-road.html?searchResultPosition=249,"March 18, 2019"
Inside the Commando Raids Unnerving Russia in Crimea,The lightning assaults are part of a larger campaign using drones and missiles to degrade Russian forces and demoralize the public.,https://www.nytimes.com/2023/10/22/world/europe/ukraine-commandos-russia-crimea.html?searchResultPosition=250,"Oct. 22, 2023"
"A Year After Suez Blockage, Another Evergreen Ship Is Mired in the Chesapeake","The Ever Forward ran aground after leaving Baltimore on Sunday, nearly a year after the Ever Given became lodged in the Suez Canal, disrupting global trade for nearly a week.",https://www.nytimes.com/2022/03/15/business/ever-forward-stuck-chesapeake-bay.html?searchResultPosition=251,"March 15, 2022"
‘From Worst to Best’: Gleaming New La Guardia Terminal Opens,The airport that Joe Biden once said was more suited to a “third-world’’ country has a gleaming new terminal to show off.,https://www.nytimes.com/2022/01/27/nyregion/la-guardia-airport-terminal-completion.html?searchResultPosition=252,"Jan. 27, 2022"
The $2.8 Billion Hole in U.S. Sanctions on Iran,"A Times investigation reveals how lax government oversight allowed shadowy oil tankers, covered by American insurance, to fund Iran’s regime.",https://www.nytimes.com/interactive/2024/02/16/world/middleeast/iran-oil-tankers-sanctions.html?searchResultPosition=253,Feb. 16
2 Held in France Over ‘Violent’ Plot to Disrupt Presidential Campaign,The interior minister said that bomb-making material and explosives had been found at an apartment in Marseille rented by two men known for their “radicalization.”,https://www.nytimes.com/2017/04/18/world/europe/france-presidential-election-attack-plot.html?searchResultPosition=254,"April 18, 2017"
"Riding With a Trucker, Witnessing India’s Past and Potential",Ragib Khan’s careful journey at the wheel of a long-haul truck revealed how far India’s infrastructure has come and how far it has to go.,https://www.nytimes.com/2024/07/31/business/india-trucking-highways-infrastructure.html?searchResultPosition=255,July 31
"Coast to Coast, a Brutal Mix of Snow, Rain and Bitter Cold","More than 40 million Americans were under winter weather advisories on Saturday, with blizzards in the Midwest, flooding in the Northeast and freezing temperatures across much of the country.",https://www.nytimes.com/2024/01/13/us/winter-storm-snow-rain-forecast.html?searchResultPosition=256,Jan. 13
New York-Area Ports Shut Down as Longshoremen Walk Off the Job,"The walkout came as a surprise to many, according to officials, and the reasons behind the move were not immediately clear.",https://www.nytimes.com/2016/01/30/nyregion/new-york-area-ports-longshoremen.html?searchResultPosition=257,"Jan. 29, 2016"
Hurricane Ian’s Toll Poses Another Hurdle for Election Officials in Florida,A Thursday deadline is looming for counties to mail absentee ballots to voters. Early voting begins on Oct. 24.,https://www.nytimes.com/2022/10/04/us/politics/hurricane-ian-mail-voting-florida.html?searchResultPosition=258,"Oct. 4, 2022"
Russia Slowly Throttles a Ukrainian Port,"When Russia fired on Ukrainian naval vessels, some say it was looking to rewrite the rules in the Sea of Azov and possibly elsewhere, just as China has done in the South China Sea.",https://www.nytimes.com/2018/12/14/world/europe/moscow-ukraine-azov-mariupol.html?searchResultPosition=259,"Dec. 14, 2018"
"With Americans Stuck at Home, Trade With China Roars Back",Reducing trade with China was supposed to happen in 2020. But demand for Chinese goods has soared amid pandemic lockdowns.,https://www.nytimes.com/2020/12/14/business/economy/us-china-trade-covid.html?searchResultPosition=260,"Dec. 14, 2020"
"For Right-Wing Italian Youth, a Mission to Disrupt Migration",The plan is to monitor aid ships that are rescuing migrants at danger in the Mediterranean.,https://www.nytimes.com/2017/07/21/world/europe/for-right-wing-italian-youth-a-mission-to-disrupt-migration.html?searchResultPosition=261,"July 21, 2017"
Shenzhen imposes a lockdown and Shanghai restricts nonessential travel as China’s new cases jump.,,https://www.nytimes.com/live/2022/03/13/world/covid-19-mandates-cases-vaccine/china-shanghai-shenzhen?searchResultPosition=262,"March 13, 2022"
"With Americans Stuck at Home, Trade With China Roars Back",Reducing trade with China was supposed to happen in 2020. But demand for Chinese goods has soared amid pandemic lockdowns.,https://www.nytimes.com/2020/12/14/business/economy/us-china-trade-covid.html?searchResultPosition=263,"Dec. 14, 2020"
France and Britain Strike Deal to Reopen Border for Freight and Some Travel,"Two days after France shut down the frontier, Britain agreed to broad virus tests for truck drivers as part of an agreement to reopen rail, air and sea routes.",https://www.nytimes.com/2020/12/22/world/europe/uk-france-covid-19-border.html?searchResultPosition=264,"Dec. 22, 2020"
"Wait, La Guardia Is Nice Now? Inside New York’s $25 Billion Airport Overhaul",The city is not exactly known for its state-of-the-art airports. That should change by 2030.,https://www.nytimes.com/2022/07/21/nyregion/nyc-airports-renovation.html?searchResultPosition=265,"July 21, 2022"
Strike Disrupts Ports in Northwest,,https://www.nytimes.com/1988/01/16/us/strike-disrupts-ports-in-northwest.html?searchResultPosition=266,"Jan. 16, 1988"
Good Call on Long Island Gas Port,Catskill Mountainkeeper applauds Gov. Andrew M. Cuomo’s decision to veto the proposed liquefied natural gas port off Long Island.,https://www.nytimes.com/2015/11/25/opinion/good-call-on-long-island-gas-port.html?searchResultPosition=267,"Nov. 25, 2015"
"Africa faces immediate pain from the grain deal’s suspension, but the impact on Ukraine could be delayed.",,https://www.nytimes.com/live/2022/10/31/world/russia-ukraine-war-news/africa-faces-immediate-pain-from-the-grain-deals-suspension-but-the-impact-on-ukraine-could-be-delayed?searchResultPosition=268,"Oct. 31, 2022"
"Russia resumes its participation in the Black Sea grain deal, for now.",,https://www.nytimes.com/live/2023/04/19/world/russia-ukraine-news/russia-resumes-its-participation-in-the-black-sea-grain-deal-for-now?searchResultPosition=269,"April 19, 2023"
East Coast Storm Disrupts Thanksgiving Travel,"New York City saw less than a half-inch of snow, but suburbs to the north and west reported as much as 10 inches by Wednesday night.",https://www.nytimes.com/2014/11/27/nyregion/east-coast-storm-thanksgiving-travel.html?searchResultPosition=270,"Nov. 26, 2014"
Another ship earmarked for humanitarian aid has left Ukraine.,,https://www.nytimes.com/2022/08/30/world/europe/another-ship-earmarked-for-humanitarian-aid-has-left-ukraine.html?searchResultPosition=271,"Aug. 30, 2022"
U.K. Tightens Restrictions as Alarm About Virus Variant Grows,"British officials said severely curtailing human contact was the only way to protect people. Efforts to restart trade stalled, with more than 5,000 trucks stuck at English ports.",https://www.nytimes.com/2020/12/23/world/europe/coronavirus-variant-uk-ports.html?searchResultPosition=272,"Dec. 23, 2020"
Climate Change Could Worsen Supply Chain Turmoil,A drought that has crippled economic activity in southwestern China hints at the kind of disruption that climate change could wreak on global supply chains.,https://www.nytimes.com/2022/09/08/business/economy/climate-change-supply-chain.html?searchResultPosition=273,"Sept. 8, 2022"
"Africa faces immediate pain from the grain deal’s suspension, but the impact on Ukraine could be delayed.",,https://www.nytimes.com/live/2022/10/31/world/russia-ukraine-war-news/africa-faces-immediate-pain-from-the-grain-deals-suspension-but-the-impact-on-ukraine-could-be-delayed?searchResultPosition=274,"Oct. 31, 2022"
Rail Strike May Disrupt Industries Across North America,"The dispute over wages and benefits is likely to disrupt major industries throughout North America, including automakers and oil companies.",https://www.nytimes.com/2015/02/16/business/international/canadian-pacific-railway-strike-may-affect-north-american-industries.html?searchResultPosition=275,"Feb. 15, 2015"
17 New Books Coming in May,"New novels from R.O. Kwon, Kevin Kwan and Miranda July; a reappraisal of Carolyn Bessette-Kennedy; memoirs from Brittney Griner and Kathleen Hanna — and more.",https://www.nytimes.com/2024/04/29/books/review/new-books-may.html?searchResultPosition=276,April 29
"Subway Delays, Again, Disrupt Commutes; L.I.R.R. Will Offer Some Discounts","In what has become a seemingly weekly ritual, a series of problems cropped up across the city during the morning rush, including signal issues and a train with mechanical problems.",https://www.nytimes.com/2017/06/20/nyregion/subway-delays-penn-station-lirr.html?searchResultPosition=277,"June 20, 2017"
Here’s what happened in the markets today.,,https://www.nytimes.com/live/2021/10/13/business/news-business-stock-market/heres-whats-happening-in-the-markets-today?searchResultPosition=278,"Oct. 13, 2021"
Carnival cruise ship returns to Miami with ‘small number’ of coronavirus cases.,The Carnival Freedom is the latest Florida cruise ship to be disrupted by the coronavirus as the Omicron variant drives up cases in the U.S.,https://www.nytimes.com/2021/12/27/world/carnival-cruise-covid.html?searchResultPosition=279,"Dec. 27, 2021"
"The war has reduced Ukraine’s grain storage by nearly 15 percent, a report says.",,https://www.nytimes.com/live/2022/09/17/world/ukraine-russia-war/the-war-has-reduced-ukraines-grain-storage-by-nearly-15-percent-a-report-says?searchResultPosition=280,"Sept. 17, 2022"
"With cheap grain, Russia aims to create ‘new dependencies,’ the E.U.’s top diplomat says.",,https://www.nytimes.com/live/2023/08/03/world/russia-ukraine-news/with-cheap-grain-russia-aims-to-create-new-dependencies-the-eus-top-diplomat-says?searchResultPosition=281,"Aug. 3, 2023"
"The war has reduced Ukraine’s grain storage by nearly 15 percent, a report says.",,https://www.nytimes.com/live/2022/09/17/world/ukraine-russia-war/the-war-has-reduced-ukraines-grain-storage-by-nearly-15-percent-a-report-says?searchResultPosition=282,"Sept. 17, 2022"
"Bahrain, a small island nation, is the only regional power participating in the task force.",The small island nation of Bahrain is the only country in the region that has agreed to participate in a task force to protect commercial shipping in the Red Sea.,https://www.nytimes.com/live/2023/12/19/world/israel-hamas-war-gaza-news/middle-east-us-houthi-rebels?searchResultPosition=283,"Dec. 19, 2023"
The U.S. announces a 3-year agriculture partnership with Ukraine to address the food crisis.,,https://www.nytimes.com/2022/06/16/world/europe/us-announces-a-3-year-agriculture-partnership-with-ukraine-to-address-the-food-crisis.html?searchResultPosition=284,"June 16, 2022"
"In This Exhibition, Gender Meets Climate Activism. It’s a Lot.","A sprawling show at the Barbican Art Gallery in London presents works under the banner of “ecofeminism,” linking women’s oppression with humanity’s destruction of nature.",https://www.nytimes.com/2023/10/18/arts/design/resisters-barbican-art-gallery.html?searchResultPosition=285,"Oct. 18, 2023"
2 Slashed at Port Authority Bus Terminal,"Two men suffered apparently non-life-threatening wounds around 8:50 p.m., as New Year’s Eve festivities were underway in Times Square, fire officials said.",https://www.nytimes.com/2014/01/01/nyregion/2-stabbed-at-port-authority-bus-terminal.html?searchResultPosition=286,"Dec. 31, 2013"
"With Port Actions, Occupy Oakland Tests Labor Leaders","Occupy Oakland has cast itself as the true champion of America’s workers, creating a potentially troublesome rift with the Occupy movement’s sometime allies in organized labor.",https://www.nytimes.com/2011/12/14/us/occupy-oakland-angers-labor-leaders.html?searchResultPosition=287,"Dec. 13, 2011"
West Coast Port Gridlock Hits Inventory at Macy’s and Home Depot ,"The department store and home improvement chains, which both reported solid fourth-quarter earnings, have yet to see the full impact of shipping delays that hit inventory levels during a West Coast ports dispute.",https://www.nytimes.com/2015/02/25/business/west-coast-port-gridlock-hits-inventory-at-macys-and-home-depot.html?searchResultPosition=288,"Feb. 24, 2015"
"G.M. and Ford, with big operations in Canada, says protests have not hampered them.",The disruptions could limit the movement of parts and cars between factories in the United States and Canada if the situation deteriorates.,https://www.nytimes.com/2022/02/08/business/protests-in-canada-lead-to-partial-closure-of-a-bridge-used-to-transport-auto-parts.html?searchResultPosition=289,"Feb. 8, 2022"
Brexit Plans Raise Fears of Food Shortages and Jammed Ports,"As the British government prepares for the possibility of a disruptive “no deal” Brexit, it has stirred alarm with plans to stockpile essentials.",https://www.nytimes.com/2018/07/30/world/europe/uk-brexit-shortages.html?searchResultPosition=290,"July 30, 2018"
Ukraine says it has lost $1.5 billion in grain exports.,,https://www.nytimes.com/live/2022/03/31/world/ukraine-russia-war-news/ukraine-says-it-has-lost-1-5-billion-in-grain-exports?searchResultPosition=291,"March 31, 2022"
4 Questions About the Supply Chain,"Supply chain issues have made all kinds of products — paint and lumber, certain foods, clothing and electronics — harder to find.",https://www.nytimes.com/interactive/2021/10/18/business/supply-chain-issues.html?searchResultPosition=292,"Oct. 18, 2021"
"U.K. Nurses, Emergency Responders and Rail Workers Walk Out",Continuing strikes over pay and economic conditions are likely to disrupt travel and services during the holiday season. Here’s what to expect.,https://www.nytimes.com/2022/12/20/world/europe/britain-uk-strikes.html?searchResultPosition=293,"Dec. 20, 2022"
Brexit Plans Raise Fears of Food Shortages and Jammed Ports,"As the British government prepares for the possibility of a disruptive “no deal” Brexit, it has stirred alarm with plans to stockpile essentials.",https://www.nytimes.com/2018/07/30/world/europe/uk-brexit-shortages.html?searchResultPosition=294,"July 30, 2018"
Concerns About Coronavirus Variant Cut Off U.K. From Europe,"Dozens of countries banned air and rail links to Britain, foreshadowing what a “no deal” Brexit could look like in 10 days.",https://www.nytimes.com/2020/12/21/world/europe/coronavirus-variant-uk.html?searchResultPosition=295,"Dec. 21, 2020"
"In London Shops, Greek Cheese, Sicilian Citrus and British Headaches","For companies depending on fast, small deliveries, the costs of new Brexit trade rules are mounting.",https://www.nytimes.com/2022/01/17/business/brexit-food-imports.html?searchResultPosition=296,"Jan. 17, 2022"
My Football Journey: How the youngsters fared across 2023-24,The Athletic wraps up the progress made by our featured young players around the globe at the end of the European campaign,https://www.nytimes.com/athletic/5545130/2024/06/07/my-football-journey-2324-devine/?searchResultPosition=297,June 7
Last Stop on the Way to the Cosmos? No Thanks.,"A small Southern county hopes to land a starring role in the commercial space race. But for residents of the exclusive islands in the flight path, the stakes feel sky-high.",https://www.nytimes.com/2021/08/21/style/space-race-cumberland-island-georgia.html?searchResultPosition=298,"Aug. 21, 2021"
"As Gas Stations Run Dry, Britons Cope With Disruptions to Daily Life","Getting to work, driving a taxi, making an ambulance run: Fuel shortages and long lines at gas stations have Britons scrambling to make trips they once took for granted.",https://www.nytimes.com/2021/09/27/world/europe/britain-gas-shortages.html?searchResultPosition=299,"Sept. 27, 2021"
"Where Dalí Once Painted the Sea, Wind Turbines Are Set to Rise",Contentious plans to erect a wind farm off the northeastern coast of Spain are part of a tense debate over where to locate new renewable energy projects across Europe.,https://www.nytimes.com/2022/07/19/climate/spain-floating-wind-farm.html?searchResultPosition=300,"July 19, 2022"
AIR STRIKE DISRUPTS WORK AT SPACE PORT,strike disrupts some work at Apollo site,https://www.nytimes.com/1966/07/09/archives/air-strike-disrupts-work-at-space-port.html?searchResultPosition=301,"July 9, 1966"
DISRUPTION SEEN IN PACIFIC TRADE; Port Officials Get Warning on Container Boom,"P Rasmussen warns boom in trans-Pacific container service may cause chaos in W Coast ports, s, N Atlantic Ports Assn",https://www.nytimes.com/1968/06/07/archives/disruption-seen-in-pacific-trade-port-officials-get-warning-on.html?searchResultPosition=302,"June 7, 1968"
A trickle of trucks continues to ease Britain into life outside the E.U.,,https://www.nytimes.com/live/2021/01/04/business/us-economy-coronavirus/brexit-ports-britain-eu?searchResultPosition=303,"Jan. 4, 2021"
"Two Years After Deadly Floods Hit Pakistan, It’s Happening Again",Millions of people still recovering from the devastation of 2022 are bracing for the possibility of losing what they’ve rebuilt.,https://www.nytimes.com/2024/09/04/world/asia/pakistan-floods.html?searchResultPosition=304,Sept. 4
"Global Trade Sputters, Leaving Too Much Here, Too Little There","As the pandemic stretches on, consumers and businesses could run short of some products in months to come.",https://www.nytimes.com/2020/04/10/business/economy/global-trade-shortages-coronavirus.html?searchResultPosition=305,"April 10, 2020"
How America’s Great Economic Challenge Suddenly Turned 180 Degrees,Recent supply problems suggest businesses may have trouble responding to rising consumer demand.,https://www.nytimes.com/2021/04/09/upshot/economy-supply-shortages.html?searchResultPosition=306,"April 9, 2021"
"Port Jervis, N.Y.: A 19th-Century Industrial Hub Blessed With Natural Beauty","Once plagued by crime and drugs, this historic river city is reinventing itself as a destination for lovers of the outdoors.",https://www.nytimes.com/2019/07/24/realestate/port-jervis-ny-a-19th-century-industrial-hub-blessed-with-natural-beauty.html?searchResultPosition=307,"July 24, 2019"
"France reopens border with Britain to trucks, requiring rapid Covid-19 tests for drivers.",,https://www.nytimes.com/live/2020/12/22/business/us-economy-coronavirus/france-britain-border-supply-chain?searchResultPosition=308,"Dec. 22, 2020"
The Best Wall Outlets With USB Charging Ports,"USB ports—especially the newer, slimmer, faster USB-C ports—are the charging connector of choice for most modern laptops, tablets, phones, wireless headphones, and other everyday electronics.",https://www.nytimes.com/wirecutter/reviews/best-wall-outlets-with-usb-charging-ports/?searchResultPosition=309,"March 2, 2017"
"Snow Causes Commuter Chaos at Port Authority, Penn Station and on New Jersey Roadways",The New York metropolitan area was unprepared to deal with a predicted snowfall on Thursday.,https://www.nytimes.com/2018/11/15/nyregion/mta-nj-transit-nyc-commute.html?searchResultPosition=310,"Nov. 15, 2018"
