Title,Predicted_Label
Explosions reported near two ships off Yemen : Security agencies,2
"Crew , including 13 Indians , still missing after oil tanker capsizes off Oman",2
Multiple attacks target merchant ship off Yemen : united kingdom agency,3
Oil tanker with 13 Indians on board sinks off Oman coast,2
Multiple Attacks Target Merchant Ship Off Yemen,3
Houthi rebels hit oil tanker in Red Sea | The Arkansas Democrat - Gazette,3
Yemen Houthi rebels target oil tanker in the Red Sea,3
"Oil tanker capsize off the Oman coast , 13 Indians among 16 crew missing",2
Greek - flagged oil tanker poses  environmental hazard  after attack in Red Sea,3
"Massive Fire Erupts On A Cargo Ship Off Goa Coast , 1 Dead",2
Oil Slick Off Yemen After Huthi Tanker Attack : Charity,3
Environment Archives,12
"Oil Tanker & Merchant Ship Hit By Projectiles As Another Tanker Burns , Risking  Worst Spill This Century  ",2
"Tanker , merchant vessel report missile and drone attacks",3
"13 Indian , 3 Sri Lankan Crew Members Missing After Oil Tanker Sinks Off Oman Coast",2
"Nippon Yusen Kabushiki Kaisha : MPA and NYK Forge Partnership to Advance Maritime Sustainability , Digitalisation and Manpower Development",12
Two Ships ReportÂ Blasts in the Red Sea off Yemen,3
"13 Indians , 3 Sri Lankans missing as oil tanker capsises off Oman",2
Blasts reported near 2 ships off Yemen - Manila Standard,2
Rescue Operation : 8 Indians Saved After Oil Tanker Capsizes Near Oman Coast,2
"16 Crew Members Of Capsized Oil Tanker Off Oman Coast Still Missing , Search Underway",2
Houthi rebels release footage of Red Sea oil tanker explosion amid fears of  disastrou impact on marine life,3
Oil Tanker Breakaway and Grounding Exposes Critical Gaps in Emergency Management,12
"Nigeria : To Enhance Operation , NPA Acquires Tugboats for Dangote Refinery , Lekki Port",12
13 Indians among 16 crew - member missing after oil tanker capsizes off Oman coast,2
Sharing and reporting cyber incidents | Hellenic Shipping News Worldwide,12
Commercial oil tanker Prestige Falcon capsizes off Oman,2
Two ships hit off rebel - held Yemeni region | Borneo Bulletin Online,3
"Maritime Tensions : Oil Tanker Struck , No Casualties Reported",3
"OFAC Issues Warning to Financial â€ŽInstitutions & Insurers That â€ŽProvide Maritime Services in the â€ŽMediterranean , Red Sea and Middle East | Locke Lord LLP",12
"Two ships report blasts in the Red Sea off Yemen , British maritime agencies say",3
How Modern Technologies Are Revolutionising the Maritime Industry : Navigating the Digital Seas,12
"Even After Houthi Attacks , Russia - Linked Tankers Return to Red Sea",3
Two ships hit off rebel - held Yemeni region maritime agencies,3
World News : Salvage of stricken oil tanker  expected soon  ,2
CMA CGM vessel in container stack collapse sails from South Africa,12
Oman : Search continues for missing crew of capsized oil tanker,2
Red Sea Attacks : Tanker and Merchant Vessel Targeted Off Yemen,3
Michigan Awards $5 Million for Maritime Infrastructure Projects,12
Second NSMV Patriot State Completes Sea Trials,12
  Investment in ports will reposition maritime sector  - The Nation Newspaper,12
Watch : Fires Erupt on Greek Tanker After Houthi Red Sea Attack,3
"Potential Oil Spill Spotted Near Stricken Tanker , Greece Says",2
How Indian Navy Rescued Nine Crew Members Of Oil Tanker Capsized Off Oman Coast,2
Second NSMV Patriot State Christened At Philly,12
Chinese Crane Giant Poses Cybersecurity Threat to US Ports,12
Navy Rescues 9 Crew Including 8 Indians After Oil Tanker Capsized Off Oman,2
South African Maritime Safety Authority try to rescue a cargo ship that ran aground on Cape west coast,2
  KOTA CEMPAKA return to Onne Portll boost Nigeria ,12
"16 crew - member , including 13 Indians , missing after oil tanker capsizes off Oman coast",2
NSMV Empire State Suffers Technical Issues,12
Breaking : Suspected Houthi Attacks Target Two Ships in Red Sea,3
"Panama - flagged tanker and merchant vessel report missile , drone attacks in Red Sea",3
OmanÂ reveals name of oil tanker that capsized near Duqm,2
"Oil tanker capsized near Oman , 13 Indians disappeared out of 16 crew members",2
NPA launches tug boats to boost ports operations,12
Crew Of Capsized Oil Tanker Off Oman Still Missing,2
Chinese vessel held in Paradip port for supplying poor quality marine fuel | Bhubaneswar News,12
India Container Handling Capacity Set for a Twofold Increase in Five Years : Sonowal,12
Capsized Comoros - flagged vessel transmitted distress call on July 14,2
"New liner service to connect Jeddah Port to India Mundra , Nhava Sheva",12
Prestige Falcon : 13 Indians among 16 crew missing after oil tanker sinks off Oman coast,2
Oil seeping from Spore - flagged tanker involved in collision near Pedra Branca : Ship operator,2
Folk Maritime buys first feeder vessel,12
Russian Missile Strike on Civilian Ship in Black Sea Escalates Maritime Tensions,3
"Maritime Security Market Size Is Set To Grow By USD 3 . 62 Billion From 2024 - 2028 , Growing Marine Threats Boost The Market , Technavio",12
16 Missing After Oil Tanker  Prestige Falcon  Capsizes Off Oman,2
"Crew of Capsized Oil Tanker Off Oman Still Missing , Maritime Center Says",2
WÃ¤rtsilÃ¤ To Help Singapore Develop Next Generation,12
FuelEU Maritime ready for 2025 ? ,12
"Abandoned Tanker Lavant Has Likely Sunk Off Yemen , Sources Say",2
Armed Robbery At Sea : Navigating The High Seas Of,3
13 Indians among 16 crew missing after oil tanker sinks off Oman coast,2
Navy deploys assets to rescue 13 Indian crew onboard a capsized vessel,2
"13 Indians , 3 Sri Lankans missing after oil tanker capsizes off Oman",2
Search underway after French - owned ship loses 44 containers off S . Africa,2
Revolutionizing maritime operations with Hybrid Communication,12
"Fire breaks out on cargo ship off Goa , Coast Guard launches rescue operation",2
20th Maritime State Development Council concludes in Goa ; over 100 key issues resolved across various states,12
Fire breaks out on cargo ship en route to Colombo off Goa - International,2
Lloyd Register and CORE POWER Launch Nuclear - Powered Containership Study with Maersk,12
PM Modi lays foundation stone of Vadhvan Port project in Maharashtra Palghar,12
Yemen Houthi rebels target oil tanker in the Red Sea . US says rebels also hit Saudi - flagged tanker,3
Oyetola promises zero piracy incidence in Nigerian waterways,3
Yemen Houthi rebels target Panama - flagged oil tanker in Red Sea,3
RedÂ SeaÂ Insurance Nearly Doubles After  Sounion  Attack,3
"Navy Rescues 9 Crew Members , Including 8 Indians , From Capsized Oil Tanker Near Oman",2
Red Sea Insurance Nearly Doubles After Latest Ship,12
Manahau barge : Inquiry launched after vessel runs aground on Westport beach,2
"PPA reports more cargo , but lower container volumes",12
PHOTOS : Attacked Oil Tanker Towed to  Safe Area  ,3
13 Indians among 16 crew missing after oil tanker capsizes off Oman coast,2
"Cargo Integrity Group Applauds Recent MSA Circular , Emphasizes Ongoing Commitment to Supply Chain Safety",12
Anonymised DataÂ Can Drive Shipping Â safety Culture Change,12
Dramatic Footage Shows Oil Tanker Hit By Kamikaze Boat Drone In Red Sea,3
Opportunities,12
Large cargo vessel still anchored in Algoa Bay after losing containers,2
Ukraine says Russia hit civilian grain vessel in Black Sea,3
"Houthi militants strike , damage Singapore - flagged vessel in Gulf of Aden",3
"Yemen Houthis target oil tanker in Red Sea , Saudi - flagged tanker also allegedly hit",3
"The harbor management software market is projected to grow by USD 25 . 46 Million from 2024 - 2028 , with AI impacting trends and rising cloud adoption boosting growth",12
Houthi rebels release footage of attack on Israeli - bound tanker,3
Maltese - flagged ship loses 44 containers off S . Africa,2
"NPA Commissions New Tugboats To Enhance Operations At Dangote Refinery , Lekki Port",12
IMO Calls for Spill Response Aid Following Sinking of MV Rubymar,2
Singapore tops global ISCDI port rankings yet again,12
"Lloyd Register , CORE POWER Launch Nuclear Containership Study",12
Nine oil - tanker crew members rescued : Omani maritime security center reports,2
Tanzania : Tasac Tackles Tanzania - Comoros Maritime Hurdles,12
Singapore First Fully Electric Cargo Vessel Starts Commercial Trials,12
Yemen Houthi rebels suspected of firing missiles at a container ship as an oil tanker burns,3
Iran Seizure of Chevron - Chartered Oil Tanker Sparks International Tensions,3
Port of Oakland seeking development for Howard Property,12
20th Maritime State Development Council concludes in Goa,12
Samskip Joins Fuel Cell Retrofit Project,12
"Fires on board Greek - flagged tanker after Houthi attack in Red Sea , says maritime agency",3
"Sounion : Fires on board Greek - flagged tanker after Houthi attack in Red Sea , says maritime agency",3
Greek - flagged oil tanker targeted in Red Sea,3
Leading Shipping Companies Presenting at Capital Link ,12
Piracy perilous impact : Navigating the economic storm as an investor,12
Injured sailors released from hospital after ship crash,2
No oil spill after tanker hits SIDC steel bridge,2
New Report Says Technology Built Into Chinese - Made Cargo Cranes Could Be a  Trojan Horse  for US Seaports,12
Qatar boosts maritime growth with new shipping event in 2025,12
Women Officers Make Historic Overseas Deployment with Indian Coast Guard,12
Cargo Ship Explosion Near Yemen Spurs Security Concerns,2
NSML Earns United Kingdom MCA Accreditation For Courses,12
A Landlocked Indian Navy Facility Keeps Watch On Turbulent Waters â€“ Analysis,3
"Massive Fire Breaks Out On Cargo Vessel Off Goa Coast , Indian Coast Guard Ships Rushed To Rescue Watch",2
"Indian Coast Guard executes daring night - time rescue , saving 11 lives in coordinated operation",2
"A ship in the Red Sea is attacked 3 times by suspected Yemeni rebels , including with a drone boat",3
"Fires observedÂ on board Greek - flagged tanker in Red Sea , says maritime agency By Reuters",3
Qatar boosts maritime growth with new shipping event,12
"Indian Navy rescues 8 Indians , 1 Sri Lankan after vessel capsizes off Oman Coast : Sources",2
Indian Navy joins search for crew of capsized oil tanker off Oman - Breaking News,2
Houthis Attacked Singapore - Flagged Vessel In Gulf Of Aden,3
Tanker Adrift After Coming Under Attack In Red Sea,3
"Suspected attacks by Yemen Houthi rebels target 2 ships in the Red Sea , officials say",3
Greek Tanker Adrift After Houthi Attacks,3
Suspected Houthi Boat Drone  Collided  With Merchant Vessel In Southern Red Sea,3
"LR , Core Power and Maersk look into nuclear ship propulsion",12
Rescued Madagascar ship departs Kenya after repairs in Mombasa,2
"Vessel carrying 20 , 000 tonnes of dangerous Russian cargo will sail past Denmark",12
India  Port  print augmenting : Vizhinjam Port to make Bharat dominant player in global maritime trade,12
Iranian backed Yemen Houthi rebels target oil tanker in Red Sea,3
"Bengaluru Startup Unveils Autonomous USV , Revolutionizing Maritime Operations â€“ Indian Defence Research Wing",12
PM inaugurates Tuticorin International Container Terminal,12
Massive Fires Engulf Two Oil Tankers Near Singapore,2
LIVE : 13 Indians among 16 crew members missing after oil tanker capsizes off Oman coast,2
LR & CORE POWER to Conduct Next - Gen Nuclear Containership Regulatory Study,12
"Oil tanker capsizes off Oman coast : Nine crew members rescued , one dead",2
Singapore - flagged Container Vessel Struck by Unidentified Projectiles in the Gulf of Aden,3
"MPA Collaborates with Microsoft to Boost Innovation , Cybersecurity , Digital , and Green Transformation for Maritime Industry",12
Burning Oil Tanker  Successfully Towed To Safe Area  Amid Urgent Red Sea Salvage Operation,2
"Nine crew members rescued , one dead after oil tanker capsizes off Oman coast",2
Burning Oil Tanker in Red Sea,3
Massive Fire Breaks Out On Container Cargo Vessel Near Goa ; Terrifying Visuals Surface,2
Crew of oil tanker rescued after multiple attacks in Red Sea,3
"Leading Shipping Companies Presenting at Capital Link 16th Annual New York Maritime Forum October 15 , 2024 in New York City",12
Enhancing maritime education and industry participation in Ghana,12
China maritime foreign trade contributes to over one - third of global maritime transport,12
State of container ports - The Hindu BusinessLine,12
"Grant agreement â€“ eMETHANOLxWSolution â€“ CINEA â€“ European Climate , Infrastructure and Environment Executive Agency",12
Greek - flagged oil tanker poses  environmental hazard  after attack in Red Sea,3
Oil seeping from Spore - flagged tanker involved in collision near Pedra Branca : Ship operator,2
"Sounion : Fires on board Greek - flagged tanker after Houthi attack in Red Sea , says maritime agency",3
Operation to tow stricken oil tanker to start Sunday - Yemeni Houthi minister,3
"Explosion on board cargo ship at key Chinese port , say state media",2
UK maritime agencies report incidents near Yemen Hodeidah,2
"Two missiles explode close to vessel east of Yemen Aden , says united kingdom maritime agency",3
Search and rescue for crew under way after two vessels catch fire near Pedra Branca : MPA,2
No flames visible on Spore - flagged tanker involved in collision near Pedra Branca : Shipping firm,2
Singapore - flagged ship that was boarded by FBI in Baltimore cleared to resume operation,2
Malaysia navy vessel KD Pendekar sinks off Johor coast,2
"Swimming , water activities safe again at Changi beach after oil spill incident : NEA",2
Spore - flagged container ship struck by projectiles off Yemen coast likely by Houthis ; no Sporeans onboard,3
Bayesian yacht : Video shows storm battering boat before sinking in Sicily,2
"Philippines , China to set up new channels to handle South China Sea rows , source and document say",12
"Philippines sends replacement ship to Sabina Shoal , vows continued presence",3
China anchors  monster ship  in South China Sea : Philippine Coast Guard,12
Two ships in transit in Spore suspected of carrying toxic waste ; cargo being sent back to Albania,2
"Quad foreign ministers meet in Tokyo for talks on maritime security , cyber defence",12
Malaysia coast guard says tanker involved in fire near Pedra Branca has left site,2
"Philippines says China South China Sea moves  aggressive , unprofessional and illegal  ",3
Quad to expand maritime security cooperation at Biden farewell summit,12
Opinion : China  monster  ship is a sign of a much bigger problem,12
Yemen Houthis say they attacked two ships and American destroyer,3
Beijing says Philippine vessel  deliberately collided  with Chinese ship in South China Sea,2
"Philippines says had  frank , candid  talks with China on South China Sea",12
Philippines in race against time to stop potential China takeover of disputed shoal,3
"Biden ,  Quad  leaders to talk maritime security as China tensions grow",3
China and Philippines already at odds over South China Sea deal to ease Second Thomas Shoal tensions,3
China and Philippines trade blame over latest vessel collisions in disputed South China Sea,2
Man dies after tugboat sinks in Singapore waters ; search for other crew member continues,2
Singapore boosts container handling capacity as more ships call,12
"Environment in focus as Beijing , Manila spar over fate of warship on disputed shoal",3
Malaysia coast guard detains oil tanker involved in collision off Singapore,2
Sunken superyacht believed to contain watertight safes,2
NORAD intercepts Russian and Chinese bombers operating together near Alaska in apparent first,3
Philippines condemns China  illegal and reckles actions for dropping flares in the skies above South China Sea,3
"Oil tanker seized by Iran in 2023 anchors near UAE coast , tracking data shows",2
Maersk Saltoro : FBI agents have boarded vessel managed by company whose other cargo ship collapsed Baltimore bridge,2
U . S . warns ships of  evolving threat in critical trade route,3
Third Israeli - owned ship attacked near Yemen,3
"BP , Â Evergreen , Â Euronav Halt Sailings Through ChaoticÂ Red Sea AsÂ Insurers Demand  War Risk Coverage  ",3
Israel - Hamas update : Attackers seize Israel - linked tanker off Yemen in third such assault during Israel - Hamas war,3
Drone Strikes Ship With 21 Indians on Board ; Indian Navy Rushes Warship | WhatÂ WeÂ KnowÂ SoÂ Far,3
Attackers seize another Israeli - linked ship off Yemen coast,3
"As ships reroute , cargo prices jump",12
Houthis Claim Attacking Ships in Red Sea,3
Israel Ports Open But At  Heightened Risk  ,12
Nations And Industry Partners Respond To Green Shipping,12
Iran - backed Houthi rebels fire MISSILES at US destroyer off Yemen in  significant escalation  after American troops freed Israeli - linked tanker from pirates,3
Crew of Israel - linked tanker seized off Yemen  safe  â€“ US official,2
Tanker in Red Sea targeted by speedboat gunfire and missiles,3
Israel - linked tanker seized off Yemen | Nation and World,3
Tanker In Red Sea Targeted By Speedboat Gunfire And,3
"  Numerou reports of suspicious activity in Gulf of Aden after Houthi hijack and pirate boarding , says UKMTO",3
"US destroyer has ballistic missiles fired toward it , after responding to attack on commercial tanker",3
"Drone strike hits ship off India coast , ICGS Vikram deployed to investigate",3
"Tanker in Middle East safe from attackers after US Navy responds , officials say",3
Israel - Linked Chemical Tanker Detained in Gulf of Aden,3
Tanker  Ardmore Encounter  Attacked in Latest Security Incident Off Yemen,3
UPDATE : Tanker In Middle East Safe From Attackers After USÂ NavyÂ Responds,3
2 attacks launched from rebel - held Yemen strike container ships in vital Red Sea corridor,3
Shipping firms halt Red Sea journeys after rebel missile attacks,3
Israeli - owned ship hit in suspected Iran drone attack,3
Tanker in Middle East Safe From Attackers After US Navy Responds,3
"Tanker in Red Sea Targeted by Speedboat Gunfire , Cruise Missiles",3
Israel Ports Feel Strain as Shipping Traffic Slows After Attacks,3
Israel ports feel strain as shipping traffic slows after attacks | Hellenic Shipping News Worldwide,3
An Israeli - owned cargo ship was damaged in a suspected drone attack by Iran Islamic Revolutionary - The New Indian Express,3
Pentagon aware of attacks claimed by Houthis on ships in Red Sea,3
"Israeli - managed vessel hit by suspected Iranian drone , US official says",3
Yemeni rebels strike 2 cargo ships in vital Red Sea corridor,3
Christmas deliveries at risk as shipping giant suspends Red Sea journeys,12
"Israel War With Hamas Is Disrupting Shipping , Imports",3
US Navy Responding After Militants Seize Israel - Linked Oil Tanker Off Yemen,3
Tanker in Middle East safe after US Navy responds,3
Pirates release Zodiac tanker linked to Israeli billionaire Eyal Ofer,12
"Attackers seize an Israel - linked tanker off the coast of Aden , Yemen",3
Eight Missing After New Bunker Vessel Collides with Chinese Fishing Boat,2
Reuters : Turkish cargo ship hit a mine en route to Ukrainian Black Sea port,2
"Tanker hits mine in Black Sea , sustains minor damage sources",2
Turkish Cargo Ship Hits Mine in Black Sea,2
"Tanker Hit Off Oman , Says Israeli - controlled Shipping Firm",12
Pacific Zircon Style Incidents Dominated Indian Ocean Narrative in 2021,12
Suspected Iranian Drone Strikes Israeli - Owned Oil Tanker - Washington Free Beacon,3
Infosec Partners Complete World First Maritime Cyber Basel ... ,12
Eastern Pacific Shipping Tanker Hit By  Projectile  Off Oman,2
Israeli - run oil tanker struck by drone attack in Gulf of Oman,3
Iran confirms release of two seized Greek tankers,3
Israeli - owned tanker hit by drone off Oman coast,3
Oil Tanker Hijacked for 2nd Time in 12 Months,3
"Tanker Hit By Projectile Off Oman Coast , Says Israeli - Owned Shipping Firm",2
"Pirates grab more ships , captured tanker docked",3
New pirate attack thwarted in Gulf of Aden,3
Shipowners make payoffs to free vessels held by Indonesian navy near Singapore : Sources,12
Giant inflatable sails could make shipping greener,12
"Two cargo ships collide in Baltic , rescue underway",2
"Boeing , Airbus see more demand for freighter jets as more cargo is moved by air",12
Baltic Sea : Coast Guard investigating role of alcohol in cargo ship crash,2
Sri Lanka to sign new container port deal with China,12
"FPDA nations to mark 50 years with flypast , naval vessel display off Marina South on Oct 18",12
China expanded maritime militia to assert control in South China Sea : Report,3
  I was trapped : Shipping giant investigates alleged rape of 19 - year - old during federal training program,2
Five pirate attacks repelled off Somalia in one day,3
Global shipping in crosshairs as environmental scrutiny deepens,12
Visualizing California stunning shipping gridlock,12
Yemen : Decaying oil tanker could disrupt clean water supply for 9 million people,2
New executive order aims to alleviate congestion at California ports,12
"French fishermen to block Channel Tunnel , Calais port over post - Brexit fishing rights",12
White House pushes 24 - hour service to relieve US port snarls,4
US Coast Guard boards vessel that dragged anchor near California pipeline,2
"Removal of Golden Ray cargo ship off Georgia coast is largest in US history , ",12
"Amazon , Walmart and the world biggest retailers are making port congestion and pollution worse , new report finds",4
US Navy seized Iranian petroleum products and hundreds of missiles from vessels in Arabian Sea,3
US sanctions commander of Iranian drone program that attacked shipping vessel,3
At least 54 dead after gas tanker explodes in Haiti second largest city,2
$24 billion in goods is floating outside California biggest ports,12
British Columbia : Fire blazes cargo ship containers,2
French fishermen block Calais port over fishing licence row,12
"Construction halted on secret project at Chinese port in UAE after pressure from US , officials say",12
At least 99 killed in fuel tanker blast in Sierra Leone capital,2
"Vessels arriving late in Spore due to congestion at other ports , disrupting global supply chain",4
Sierra Leone tanker blast death toll rises to 115,2
Keep eye on security even as world helps Afghanistan rebuild : PM Lee,3
Deadly drone attack on tanker escalates Iran - Israel maritime tensions,3
Product Tanker Sinks in the Bahamas After Being Hit by Luxury Yacht,2
Thousands of containers overboard in worst containership disaster - ONE Apus,2
Military assistance requested over tanker stowaway incident,2
"Russian oil tanker suffers explosion , 3 crew members missing",2
Explosion onboard oil tanker in Saudi Arabia ; shipping firm Hafnia says vessel hit by  external source  ,2
Oil tanker suffers explosion after being hit by  external source  near Saudi Arabia port city,2
Explosion on ship in Saudi Aramco Jeddha port area,2
Possible mine blast hits Greek oil tanker in Saudi waters,2
Vessel attacked off Yemen coast,3
Explosion reported on oil tanker off Saudi Arabia believed caused by  external source  ,2
Oil tanker suffers explosion after being hit by  external source  near Saudi Arabia port city,2
Tanker Damaged By Mine At Saudi Terminal,2
Police dealing with vessel incident amid tanker hijacking bid reports,3
Cargo ship attacked off Yemen under unclear circumstances - World News,3
Cargo ship attacked off Yemen under unclear circumstances | iNFOnews | Thompson - Okanagan News Source,3
Cargo ship attacked off Yemen coast,3
Explosion rocks Singapore tanker off port in Jeddah,2
Blast rocks Singapore - flagged tanker at Saudi port - Newspaper,2
Ship from Malta held for anchoring without permission,2
ONE Apus â€“ Container stack collapse â€“ Update â€“ 31st Dec,12
"Massive Cargo Loss : Estimated 1 , 900 Containers Lost or Damaged on ONE Apus â€“ gCaptain",2
RPT - Boxed out : China exports pinched by global run on shipping containers,12
More piracy cases in Singapore Strait so far this year than in whole of 2019,12
UK police deal with incident aboard tanker off English coast,2
Indonesia plans to pump oil out of supertanker grounded near Singapore gas pipeline,12
US sanctions owner of supertanker grounded near Singapore over links to Iran - backed Hizbollah,12
"Indonesia , US in talks to refloat supertanker grounded near gas pipeline supplying Spore",12
"Port of Singapore operating at 85 % capacity , can meet short - term increases in demand",12
Supertanker runs aground in Indonesian waters near Singapore gas pipeline,2
About 300 people rescued from sinking ship by Singapore authorities,2
Spore looking at expansion of LNG and biofuel bunkering operations in port,12
Empty containers that fell into sea at Keppel Terminal being recovered : PSA,2
15 empty containers blown into sea by strong winds at Keppel Terminal retrieved,2
  We pulled them up one by one : How Spore - bound vessel crew saved 303 Sri Lankans from sinking boat,2
"Fewer ships call at Singapore port to refuel , bunker sales down nearly 4 % in Sept",12
"South Korea , US stage drills with aircraft carrier after North Korean missile launches",3
US sanctions owner of supertanker grounded near Spore over links to Iran - backed Hizbollah,12
Several missing after freighters collide in German North Sea,2
Maersk pauses Red Sea sailings after Houthis attack Spore - flagged container ship twice,3
"Ikea facing delays , disruption due to Red Sea attacks",3
Energy prices surge as BP pauses oil tanker transits through Red Sea,12
Iraqi pro - Gaza protesters block oil tanker trucks from entering Jordan,3
Yemen Houthi militants seize cargo ship in the Red Sea,3
Crimea : Satellite imagery indicates Russia moving navy ships to other ports after Sevastopol attacks,3
"Crunch time for Brazil ports as coffee flow hit , sugar faces delays",4
Philippine actions in South China Sea  extremely dangerou - Chinese state media,3
Drone Strikes Ship With 21 Indians on Board ; Indian Navy Rushes Warship | WhatÂ WeÂ KnowÂ SoÂ Far,3
"Grain ship lightly damaged off Ukraine , likely hit sea mine - sources",2
Reuters : Turkish cargo ship hit a mine en route to Ukrainian Black Sea port,2
Cargo Ship Hijacked By Houthis Located In Yemen Hodeidah Port Area - Report,3
Oil Tanker Hijacked for 2nd Time in 12 Months,3
Breaking : Stowaway Incident Involving Oil Tanker Nave Andromeda Off England,2
Maersk Elba Under Tow to Algeciras Following Engine Room Fire â€“ gCaptain,2
Pirates Kidnap 19 in Two Separate Incidents in Gulf of Guinea - Dryad â€“ gCaptain,3
ONE Apus Update : Ship Returning to Japan After Losing Record Number of Containers â€“ gCaptain,12
"Cargo Ship Breaks Tow , Grounds in Vietnam",2
Boatloads of Cargo Off Los Angeles Grind Gears of World Economy â€“ gCaptain,12
Italian Navy Airlifts Injured Seafarer After Pirate Attack in Gulf of Guinea - PHOTOS â€“ gCaptain,3
U . S . Import Boom Delaying Cargo at Nation Busiest Port â€“ gCaptain,12
Port of Los Angeles Struggles With Surge Of Unscheduled Ships,12
Bottlenecks Wear Down World Economy Fleet of Container Ships â€“ gCaptain,12
Traders at Odds With China Import Ban Keep Coal Cargoes in Limbo â€“ gCaptain,12
CMA CGM Suspends Cargo Bound for South China Ports in Early 2021 â€“ gCaptain,12
Canadian Pea and Lentil Exports Hit by Container Shortage â€“ gCaptain,12
Hafnia Confirms Tanker BW Rhine Hit by Explosion in Saudi Arabia â€“ gCaptain,2
General Cargo Ship Goes Missing Off Vietnam â€“ gCaptain,2
Crude Oil Tanker Suffers Engine Room Fire Off Taiwan â€“ gCaptain,2
Containership Grounds Next to Wrecked Containership in Singapore Strait â€“ gCaptain,2
Louisiana Cameron LNG Terminal Reopens After Hurricane Delta,12
Clogged U . K . Port Reopens in Chaos as Truckers Await Covid Tests â€“ gCaptain,4
Loading of More Than 140 Grains Ships in Argentina Delayed Due to Strike â€“ gCaptain,12
Cruise Ship - Breaking Booms In Turkey After Pandemic Scuttles Sector,12
Russian Trawler Sinks in Barents Sea with 17 Missing â€“ gCaptain,2
Harbor Tug Lockout Threatens  Nationwide Port Shutdown  in Australia,12
Drone - Fired Rocket Hits Offshore Oil Terminal in Yemen,3
Dozens of Ships Stuck Off Iran as Payment Snags Bite,12
Taiwanese Trawler Loaded with Diesel and Fuel Oil Grounds on Saint Brandon,2
Unwanted Russian Oil Fills Singapore Anchorage,12
American Fishing Trawler Sinks After Collision with MSC Containership,2
Turkish Tanker Jam Leaves Millions of Barrels Stuck at Sea,2
Salvage Continues for Grounded Fishing Vessel on Santa Cruz Island,2
U . S . Navy Confirms Iranian Drone Struck Tanker in Middle East,3
Grounded Supertanker Could Take a Month to Free - Indonesia Navy,12
Eastern Pacific Shipping Tanker Hit By  Projectile  Off Oman,2
Carnival Halts Asia Cruises AsÂ China Covid Zero Policy Bites,12
Singapore Container Ship Logjam Spills Over to Malaysian Port,12
SingaporeÂ Allows Night Movements at Pasir Panjang Container Terminal to Reduce Wait Times,12
New Attack Reported in the Gulf of Aden,3
MalaysiaÂ Coast GuardÂ Says Tanker Involved In Fire Has Left Site,2
"Russian Oil Takes Long Route to Asia , Avoiding Red Sea",12
TankersÂ On Fire After Collision OffÂ Singapore,2
Watch : Huge Explosion on Containership YM Mobility at Ningbo - Zhoushan Port,12
Two Attacks Northwest Of Yemen Mokha Reported,3
Container with uranium nabbed at Mombasa port,12
SLPA successfully assists stricken container ship,2
Minnesota port ready to handle waterborne international containers,12
Kenya defends order to send back ship with toxic waste to India,12
Seattle Stacked Shipping Containers Mask a Supply Chain Whirlwind,12
First Berths at Singapore Gigantic Tuas Port Set Enter Service,12
Hazardous cargo containers shipped from Pakistan to China seized at Mundra Port,2
"Spore opens Tuas port storage space , hires 2 , 500 workers to help ease global supply chain crisis",12
Port of Oakland lands fourth first - call service in 2021,12
Port of Oakland Imports Rebound in November as Ships Return,12
Sri Lanka : Sri Lanka Port Authority acts timely to discharge leaky container onboard MV Thalassa Patris,12
Container ship MSC Trieste in port for repairs,12
"SAGAR , Sagarmala and seaports : How  Triple growth triangle promises to rewrite India maritime history â€“ Indian Defence Research Wing",12
"Singapore ports hire more workers , increase storage capacity to tackle global supply crisis",4
"8100 - TEU container ship MOL CHARISMA troubled again , under tow",2
Ships Queues Worsen Port Delays From Singapore to Piraeus,4
Duluth - Superior boosts box handling capabilities,12
Expanded maritime container capability available in Duluth,12
Shanghai Yangshan open for foreign vessels as international cargo - relay port | Hellenic Shipping News Worldwide,12
China Shandong Port Group sees 1 . 5 - bln - tonne cargo throughput - Buz & Tech News,12
Russian navy stops pirates hijacking Panamanian ship off coast of Nigeria,3
port : Ships queues worsen port delays from Singapore to Piraeus,4
5 Largest Ports in the World,12
Bulk Carrier Spewing Toxic Fumes Moved Offshore in South Africa,2
California Supply Chain Crisis Solved ... By Hiding It In the Sea,12
"The containers on more than 70 ships anchored off Los Angeles would stretch from Southern California to Chicago if laid end to end , an analysis has found",12
Ship queues worsen port delays around the world - FreshFruitPortal . com,4
Two arrested after fatal ship collision in Sweden,2
Boosting box transhipment - The Hindu BusinessLine,12
US senator proposes $125M in grants to reroute container ships | Hellenic Shipping News Worldwide,12
Madagascar boat accident : 17 dead and 68 missing,2
China Shandong Port Group sees 1 . 5 - bln - tonne cargo throughput - Xinhua,12
Banana reefer ship strikes seawall while departing Japanese port,2
Calling all containers : Duluth port expands capabilities,12
The supply chain crisis has hit the Bay Area - partly because of epic cargo backlogs in Southern California,4
Russian Defense Ministry posts clip of marines freeing ship from pirates in African waters,3
Death toll from Madagascar shipwreck rises to 85,2
Madagascar shipwreck death toll rises to 85,2
Wild Weather Sparks Ship Backlog From Shenzhen to Singapore,12
SLPA Acts timely to discharge leaky container onboard MV Thalassa Patris - Adaderana Biz English,12
Ship Queues Worsen Port Delays From Singapore to Greece,4
"Despite COVID headwinds , busy container ports herald robust foreign trade",4
Madagascar shipwreck death toll rises to 85 - Africa - World,2
Navis Unveils Lashing Monitor to Reduce the Risk of Container Loss and Damage and Increase Safety at Sea,12
Polish Maritime Office confirms detention of Russian vessel in Baltic Sea,2
Report : British ship didnt noticed it rammed smaller vessel,2
Port Congestion Eases in Asia While U . S . Battles Import Deluge,4
Vessel evacuated from port in St Helena Bay after releasing toxic fumes,2
Cargo travel Headlines - Page 1 of 1,12
Ship evacuated at St Helena Bay due to toxic fumes is  no threat to humans  ,12
FMC Effort Will Examine How Data Can Improve Ocean Cargo Velocity,12
Book of Lists Newsmaker â€“ Port : Todd Rives | New Orleans CityBusiness,12
port congestion : Port congestion eases in Asia while U . S . battles import deluge,4
Port Snarls Show Cargo Ships Trying to Avoid the Big Bottlenecks,4
Port of Savannah sets 16th consecutive monthly cargo record,12
Death toll from Madagascar boat accident rises to 64,2
"Port congestion cascades into intra - Asia services , disrupting container traffic",4
DCSA : New standards enable just - in - time arrivals,12
Briton ordered held by Sweden court in deadly ship collision,2
Busy container ports herald China robust foreign trade,12
Developers back new Mississippi River cargo port that could make St . Louis a shipping hub,12
Container traffic surge boosts SBMA seaport income to P997 million,12
"KPT to build six - lane bridge , connecting east and west wharves",12
Qatar ports see 67 % rise in transshipment volume - The Peninsula Qatar,12
Cargo for Rooppur NPP in Bangladesh to be supplied over Northern Sea Route,12
"PSA , ONE set up eco - friendly barge service at Jurong Island Terminal",12
Port Snarls Mean Cargo Ships Try to Avoid Bottlenecks,4
Yearender - Economic Watch : Busy container ports herald China robust foreign trade,12
Complete Framework Of Just - In - Time Standards For Main Port Call Activities : DCSA,12
ONE reports 891 % increase in profit,12
APM Terminals Elizabeth courts customers needing intermodal rail service to Midwest,12
ZÃ©phyr & BorÃ©e Receives Approval For Wind - Propelled Shipping Vessel,12
Ships Continue to Flood the LA Ports,12
"After Months of Skipped Calls , Oakland Gets Boxship Traffic Rebound",12
Import boom side effect : More container - ship accidents in Pacific,12
Volume rising above 40 % at Port of NOLA,12
Cargo Ships Are Trying To Avoid Big Ports,4
Transnet CEO Portia Derby explains loss of R8 . 4 billion â€“ it first in years,12
Madagascar Boat Accident : Death Toll Rises To 64,2
Supply chain chaos is causing ship emissions to jump,12
Damaged container ship gets green light to move to port in Nanaimo or Vancouver,12
Two cargo ships - one British - collide in the Baltic Sea,12
Jebel Ali Port Receives Kaiso Lines MV Atlantic Pioneer,12
Man dead after Scots cargo ship crashed into Danish vessel in Baltic Sea,2
"As Major U . S . Hub Ports Struggle , Their Neighbors Want More Traffic",4
Two crew of British ship WERE over the limit for drugs or alcohol when they crashed into Danish ship,2
Strong winds send 15 empty shipping containers falling into sea at Singapore Keppel Terminal ( VIDEO ) ,2
  Full Steam Ahead  for Singapore Tuas Port â€“ The Diplomat,12
The week in charts : Russia fleet finds new business | Boxship values drop 35 % | Dry bulk spot rates stabilise :: Lloyd List,12
"VLCC master warned of grounding risk , says MPA",12
Big cargo ship involved in offshore collision being fixed in Charleston,2
15 empty containers at Keppel Terminal in the port of Singapore fall into the water due to squall,4
Oil Tanker Hijacked for 2nd Time in 12 Months,3
Vessel Held in Singapore,12
Singapore Bunker Sales Hit 22 - Month High,12
Singapore Bunker Fuel Sales Hit 22 - Month High in November,12
Port authorities accused of endangering stuck Indonesian sailor lives,12
Maersk North America Market Update ( December 2022 ) ,12
"Rio Madeira : Ship stranded off NSW south coast , AMSA says",2
Tanker owned by Israeli billionaire hit off Oman coast,12
New York Continues Streak as Nation No . 1 Port as LA Cargo Volume Hits Level Not Seen Since 2009,12
Direct routes from Ctg to major ports halve shipment time and cost | Hellenic Shipping News Worldwide,12
Singapore helps to rescue over 300 suspected migrants from sinking boat off Vietnam,2
"Rio Madeira loses power and drifts off Narooma , NSW coast as rescue boats are deployed",2
Singapore warned Djibouti - flagged VLCC prior to grounding,12
Australian port reform has failed miserably : here how to fix it,12
Qatar witnesses 85 % year - on - year surge in cargoes in December,12
Port of Los Angeles & Long Beach see further cargo declines and blank sailings,12
All focus on container handling leaves bulkers at Ctg port beneath the radar | Hellenic Shipping News Worldwide,12
ICTSI signs new 30 - year lease for Baltic Terminal in Poland,12
Oil tanker  hit by bomb - carrying drone  off coast of Oman,3
WATCH | Mystery surrounds presence of US - sanctioned Russian ship in Simon Town,12
Unexpected arrival of Russian ship in Simon Town raises eyebrows,12
"MSC Resilient IIIÂ crew member dies following onboard incident in Bluff , New Zealand",2
Port of Savannah Sees Signs of Market Correction,12
Police register case on death of ship captain,2
Northport sets new record in cargo business segment,12
Little Incident Activity Globally Notes Maritime Security Update,12
Engineer fined over huge fire at Napier Port,12
ICTSI reaches 30 - year lease extension for Baltic Container Terminal,12
DHL : Ocean freight rate moving towards manageable levels,12
Indonesians stuck on vessel in Kaohsiung set to return home : Port bureau,12
Body found in container sent from Chattogram to Malaysia,12
Southern California ports see big drop in imports as longshore labor talks drag on,4
VIDEO : Tanker Runs Aground In Singapore Strait,2
"Autos , crude oil boost Gulf Coast port November volumes",12
Former Heavyweight Boxer Charged With Trafficking $1 Billion of Cocaine,12
Maersk Operated Boxship Lost Power off Australian Coast,12
"Chevron , ONE Wrap up Biofuel Bunkering on 4 , 800 TEU Containership â€“ Advanced BioFuels united states ",12
California Steams Past Federal Maritime Commission on Detention and Demurrage Prohibitions,12
Sri Lankan migrants in Vietnam will be repatriated soon,12
Sri Lanka Seeks Repatriation Of 303 People Rescued From Dist ... ,12
SL plans early repatriation of 303 rescued from sea while attempting to sail to< / p><p>Canada,2
Amnesty Demands Oil Importers Stop Myanmar Air Force Fuel Supplies,12
Gone with the wind : 15 shipping containers fall into water at Keppel Terminal due to strong winds,2
AD Ports Group And Transmar Launch New Pakistan Service,12
Maersk flags off weekly rail service from Sonipat to Gujarat,12
SC port Leatherman Terminal losing cargo service after labor board decision,12
Singapore showcases quick response to tackling oil spills,12
SC Ports remains fluid while handling record volumes in October,12
"MSC feeder lost overboard 4 containers in Venice , Italy",12
Singapore minister backs LNG as a  pragmatic transition fuel  :: Lloyd List,12
Michigan maritime : Ports set to grow economy throughout the state,12
New container route at Vietnam Chan May Port to lower logistics cost,12
Port of Savannah Ocean Terminal slated for renovations | Business,12
ICTSI signs 30 - year lease extension for Polish container terminal,12
"Brand new ONE New Panamax container ship , Brazil â€“ Correction",12
Oil tanker with Israeli connection hit by an armed drone ; Iran role suspected,3
VLCC runs aground near gas pipeline off Singapore Strait,2
Israeli - owned oil tanker attacked near Oman,3
SA Navy says it will provide details of US - sanctioned Russian ship docked in Simon Town,12
Houston is Proceeding with Container Dwell Fee as Volumes Remain High,12
"First cargo welcomed in Hai Phong , Da Nang",12
"Venezuela Exports Oil , Despite US Sanctions , Using False Documents , Ships Linked To Iran",12
Containership Loses Power Off Australian Coast,12
Vizhinjam to be declared crew change and bunkering hub,12
Cai Mep International Terminal receives ultra - large container ship,12
Asia holds sway over container ports - The Hindu BusinessLine,12
CMIT Receives Largest Container Vessel In Vietnam History,12
Port of Oakland will soon get its tallest container cranes,12
Container Transshipment Ports See Heavy September Cargo Rollovers,4
  Explosives - laden boat  attacks Singapore - registered oil tanker,3
Singapore - registered ships advised to be vigilant after oil tanker hit by explosion in Saudi Arabia,2
"ONE Apus Arrives in Kobe , Revealing Cargo Loss of Epic Proportions â€“ gCaptain",12
HIP helps ease congestion at Colombo Port,12
Daily Mirror - Hambantota Port helps ease Colombo Port congestion,12
Shippers Blame Carriers For Entirely Predictable US Container Graveyard,12
APMT welcomes largest vessel to call at a Vietnamese port - Port Technology International,12
Fire ship remains in port at Napier,12
CMIT receives largest container vessel in Vietnam history | Hellenic Shipping News Worldwide,12
Oil tanker BW Rhine hit by explosion at Saudi port of Jeddah - 523739,2
10 Major Ports in Dubai and the United Arab Emirates,12
  Everyone accounted for  as 11 fire crews battle to get Napier Port ship blaze under control,2
Bunkering : Fuelling Jamaica maritime trade | Shipping,12
Egypt mulls operating multipurpose terminal in Alexandria Port with Singapore | Hellenic Shipping News Worldwide,12
"Colombo Port congestion : 50 , 000 TEU logjam drives delays and rate hikes",4
Maersk Urges Global Action After Ship Attacked In Gulf Of Guinea,3
Asia holds sway over container ports | Hellenic Shipping News Worldwide,12
Russia Siberian Waters See Record Ship Traffic as Ice Melt Accelerates,12
Investigation identifies series of errors in Maersk Honam loss,12
Heavy September cargo rollovers at Asian transhipment box ports,4
ICTSI Iraq delivers record performance,12
Storm - beaten ONE Apus berths in Japan,12
Greek navy minesweeper damaged after cargo ship collision,2
"Massive fire breaks out on ship at Napier Port , 11 crews battling to get in under control",2
CMA CGM and Port of Singapore break utilisation record - Port Technology International,12
Coast Guard responds to fuel oil leak in Bayonne,2
Container ports are booming and not just on West Coast,12
Tallest Cranes Ever for Port of Oakland Arriving from China,12
First cross - port fuel supply service in Yangtze delta a success | Hellenic Shipping News Worldwide,12
"Christmas cargo could add costs , clogged traffic : freight companies",4
Ship captain arrested after collision with Greek warship,2
"Greek navy minesweeper , Portuguese cargo ship collide",3
Nigeria : Elixir to Port Congestion,4
Napier Port ship fire : Crew back on board after blaze,2
Explosion on ship leaving Saudi Arabia caused by an  external source  ,2
FESCO Ð¸ DB Ð¡argo send first container train from Europe to China through Brest and Vladivostok,12
Cai Mep International Terminal receives ultra - large container ship | Hellenic Shipping News Worldwide,12
"Cargo ship suffers epic losses after 2 , 000 containers topple over during a storm en route to Japan",2
Ship Returning To Japan After Losing Record Number Of Containers While Crossing The Pacific,12
Blast on tanker in Saudi port caused by  external source  ,12
Visakhapatnam port handles bigger vessel,12
Explosion rocks Singapore - flagged tanker off Saudi port,2
Sea of indecision strikes capacity enhancement,12
Big visitor to Northport is bringing Christmas to Auckland,12
Ibom Deep Sea Port : Emmanuel final industrialisation trade secret,12
Tanker  hijacking : SBS forces from Poole storm ship,3
How # EndSARS protests rendered Lagos ports unproductive,12
Explosion on oil tanker off Saudi Arabia caused by  external force  ,2
Cochin Port Trust takes advantage of ongoing congestion at Colombo Port,12
"Special forces did  exemplary job  ending suspected tanker hijacking and crew are now safe , minister says",3
  External source  causes oil tanker blast off Saudi Arabia,12
Vessel operations resume in several routes in Catanduanes,12
Emergency services brought in as ONE Apus docks in Japan,12
Hambantota International Port helps ease congestion at Colombo Port,4
  The Oslo  Arrives At Visakhapatnam Port,12
"Belgian ports were still enjoying favourable headwinds in 2019 , before COVID - 19 storm hit",12
Authority chief : SC Port poised for growth,12
Exim trade in Kochi seek more mainline ship service - The Hindu BusinessLine,12
"Container Seals - Importance , Types , And Requirements",12
ONE Apus container loss shows need for  real - time information  | Hellenic Shipping News Worldwide,12
Singapore - registered oil tanker damaged in alleged attack,3
Sri Lanka : Hambantota International Port helps ease congestion at Colombo Port,4
Cargo ship attacked off Yemen under unclear circumstances,3
Record foreign ships dock in Mongla Port - 514098,12
Oil tanker suffers explosion after being hit by  external source  near Saudi Arabia port city,2
"  External source  caused explosion of oil tanker near Saudi Arabia , owner says",12
Libya east - based forces seize Turkish - owned vessel,3
Explosion caused by  external source  hits ship off Saudi Red Sea port of Jiddah,2
Blockade causing bottlenecks in container movement,4
Singapore Surpasses Three Billion Gross Tons for Annual Ship Arrivals,12
"Israeli - managed vessel hit by suspected Iranian drone , US official says",3
Israeli - Managed Vessel Hit By Suspected Iranian Drone,3
Global Shipping Giant Maersk Halts Ship Passage via Red Sea for 48 Hours,12
QTerminals debuts remote crane operation ; highest productivity ever recorded at Hamad Port,12
"Red Sea tensions leave global supply chains in limbo , Singapore offers port relief",12
Mundra is India first port to handle cargo volumes of 16 MMT in a month,12
Adani Group Flagship Mundra Becomes India First Port To Handle 16 . 1 Million Tonnes Of Cargo,12
Terminal To Receive Largest Container In West Africa,12
Shipping companies suspend Red Sea traffic after Yemen rebel attacks,3
US strikes kill 10 Huthi rebels attacking ship in Red Sea,3
U . S . strikes kill 10 Houthi rebels attacking ship in Red Sea,3
Yemen : Maersk halts Red Sea shipping after another attack,3
Missile fired by Houthi rebels hits Norway - flagged tanker,3
Turkiye ship not damaged in Black Sea explosion â€“ maritime authority,2
Turkish ship not damaged in Black Sea explosion â€“ maritime authority,2
Mombasa registers more cargo as KPA ups handling efficiency,12
International Business : Maersk suspends Red Sea sailing after Houthi attack,3
US warship shoots down drones as commercial vessels hit by Houthi attack in Red Sea,3
Houthi attack : Maersk pauses Red Sea sailings after Houthi attack on container ship,3
Yemen rebels hit cargo ship in latest Red Sea attack | Borneo Bulletin Online,3
Maersk Delays Red Sea Transits Again After Ship Attacked Twice,3
Yemen Rebels Hit Cargo Ship In Latest Red Sea Attack,3
Shipping firms suspend Red Sea traffic after Yemen rebel strikes,3
"Chinese ship , crew await Centre clearance to berth at Vizhinjam port",12
Houthi strike two cargo ships in red sea with ballistic missiles,3
Israeli - owned ship hit in suspected Iran drone attack,3
Maritime and port masterplan in works,12
Foreign vessels face hassles getting waivers,12
Pentagon Aware Of Attacks Claimed By Houthis,3
Yemen Houthi rebels strike a Norwegian - flagged tanker in the Red Sea with missile,3
India - Bound Ship Hijacked By Yemen Houthi Rebels In Red Sea : Report,3
Israeli - owned ship hit in suspected Iran drone attack : US defence official - World,3
"Tanker in Middle East safe from attackers after US navy responds , officials say",3
US Navy saves tanker in Middle East from attackers,3
Indian Navy Warship Comes To Aid Of Malta Vessel Hijacked In Arabian Sea,3
GT united states Canaveral Cargo Terminal records heaviest lift crane operations,12
"Tanker in Middle East safe from attackers after US Navy responds , officials say - World",3
Yemen Houthi group says 10 fighters killed by US Navy forces in Red Sea,3
Pentagon aware of attacks claimed by Houthis on ships in Red Sea,3
"Israeli - linked chemical tanker seized in Gulf of Aden - US official , vessel company",3
Multiple commercial vessels attacked in Red Sea,3
Former Port of Indiana - Burns Harbor director returns to work on business development initiative,12
Somalia : Experts Warn That Somali Pirates May Cooperate With Yemen Houthis,3
German container ship attacked in Red Sea off Yemen coast â€“ DW â€“ 12 / 15 / 2023,3
Port of Oakland September container volume holds steady,12
India - bound cargo ship hijacked by Houthi rebels in Rea Sea | Watch,3
"Haiphong orders 30 Mitsui cranes , Viet Nam . News story in Forkliftaction News",12
Israeli - Owned Ship Damaged In Suspected Drone Attack By Iran : US Official,3
Pentagon aware of reports US warship attacked in Red Sea by Yemen Houthi group,3
"US warship shot down Houthi drone attacking vessels in Red Sea , US military says",3
U . S . Intercepts Houthi Ballistic Anti - Ship Missiles in Red Sea,3
"Kenya , EAC stare at costly imports as shipping lines shun Red Sea",12
"Houthis attack container ship , Maersk halts Red Sea sailing",3
Clive Palmer $40 million superyacht freed,12
2 attacks launched from rebel - held Yemen strike container ships in vital Red Sea corridor,3
Contecon Manzanillo record volume in a single vessel call | Hellenic Shipping News Worldwide,12
8 crew members missing from Chinese fishing boat after collision with Singapore - flagged tanker in China,2
US Navy Helicopters Kill Iran - Backed Houthis Fighters in Red Sea Hijack,3
"Missile hits Red Sea container ship , US destroyers shoot down two more",3
Maersk Halts Ship Passage Via Red Sea Strait For 48 Hours,3
Houthi rebels in Yemen accidentally strike Norwegian tanker in Red Sea with missile,3
US military sinks Huthi vessels that attacked cargo ship in Red Sea,3
A missile fired by Yemen Houthi rebels strikes a Norwegian - flagged tanker in the Red Sea,3
US says it sank Houthi vessels that attacked cargo ship in Red Sea,3
Red / Arabian sea attacks UPDATES . Too much coincidences worldwide . ,3
Maersk pauses Red Sea sailings after Houthi attack on container ship - Nikkei Asia,3
A missile fired by Yemen Houthi rebels strikes a Norwegian - flagged tanker in the Red Sea | Associated Press,3
Maersk pauses Red Sea sailings after Houthi attack on Singapore - flagged container ship,3
Shadow Fleet Tanker Grounding Near Singapore Underscores Environmental Risks,12
"With berthing of first ship , Vizhinjam sails into Kerala maritime history",12
Red Sea attacks : Ballistic missile from rebel - held Yemen strikes cargo,3
Ballistic missile fired from rebel - held Yemen strikes cargo ship in Red Sea after earlier attack,3
SomeÂ LNGÂ Carriers Avoid Red Sea as Attacks Increase,3
Cargo ships in Red Sea hit by drone and missiles launched from Yemen,3
Port records high cargo volumes despite harsh economic times,12
Panama Canal drought hits new crisis level amid severe El Nino,12
Cargo Ships Attacked in Red Sea : US Blames Houthis From Yemen,3
Maersk halts ship passage via Red Sea strait for 48 hours after attack,3
Maersk suspends ship passage via Red Sea strait for 48 hours,3
Port Of Rotterdam Offers  Substantial  Port Fee,12
Grain Ship Hits Floating Mine In Black Sea - Reuters,12
Union Minister Sonowal reviews progress of proposed International Container Transhipment Port project,12
Moment Iran - backed militia drop from helicopter onto cargo ship owned by Israeli billionaire in dramatic mid - sea hijack,3
Gujarat : Mundra Port achieves historic milestone ; handles record 16 . 1 MMT of cargo in October,12
Yemen : Maersk halts Red Sea shipping after another attack â€“ DW â€“ 12 / 15 / 2023,3
Maersk suspends passage of vessels through Red Sea after attack on its merchant ship,3
Shipping firms suspend Red Sea traffic after Yemen rebel strikes â€“ ENG . MIZZIMA . COM,3
Red Sea | Maersk pauses Red Sea sailings after Iranian - backed Houthi attack on container ship,3
Clive Palmer $40m superyacht runs aground in Singapore | Clive Palmer,2
2 Pinoy seamen safe after foiled hijack try on commercial ta,3
US Military Says It Sank Huthi Vessels That Attacked Cargo Ship In Red Sea,3
Lagos to Host World Largest Container - RORO Vessel,12
2 attacks launched by Yemen Houthi rebels strike container ships in vital Red Sea corridor,3
US forces repel Houthi attack on Maersk ship in Red Sea,3
Maersk pauses Red Sea sailings after Houthi attack on container ship,3
Yemen Houthi rebels attack container ships in vital Red Sea corridor,3
World shipping giant Maersk pauses Red Sea journeys after Houthi ballistic missile attacks,3
Protesters demanding ceasefire in Israel - Hamas war gather at Port of Oakland,3
Hijacked cargo ship becomes  tourist attraction  ,3
Sea Robbery Onboard a Bulk Carrier in the Strait of Malacca | Hellenic Shipping News Worldwide,12
Maersk Halts Red Sea Transits Again After Houthi Missile And Boat Swarm Attack,3
